event	role	p1	early_p1	eligible_p1	pool_p1	early_count	eligible_count	pool_count	remaining_min	remaining_max	truth
48704	0	457	229	229	229	1	1	3	24	56	0
48705	0	65334	65435	65435	65435	1	1	3	23	55	1
48706	0	65498	65517	65517	65517	1	1	3	22	54	1
48707	0	41942	20972	20972	20972	1	1	3	21	53	0
48708	0	42656	21329	21329	32251	1	1	3	20	52	1
48709	0	51458	51458	51458	58497	0	0	1	51	51	1
48710	0	40042	40042	40042	20022	0	0	1	50	50	0
48711	0	28861	28861	28861	14431	0	0	1	49	49	1
49208	0	45	45	45	23	0	0	1	32	32	0
49209	0	27993	27993	27993	46764	0	0	1	31	31	1
49210	0	8583	8583	8583	4292	0	0	1	30	30	0
49211	0	64196	64196	64196	32099	0	0	1	29	29	1
68056	0	47	47	47	24	0	0	1	32	32	0
68057	0	2871	2871	2871	34203	0	0	1	31	31	0
104936	1	47	47	47	24	0	0	1	72	72	0
104937	1	61406	61406	61406	63471	0	0	1	71	71	1
104938	1	65502	65502	65502	65519	0	0	1	70	70	1
104939	1	7187	7187	7187	3594	0	0	1	69	69	0
104940	1	22475	22475	22475	44005	0	0	1	68	68	0
109792	1	271	271	271	136	0	0	1	40	40	0
109793	1	58472	58472	58472	62004	0	0	1	39	39	1
109794	1	65492	65492	65492	65514	0	0	1	38	38	1
109795	1	10683	10683	10683	38109	0	0	1	37	37	0
109944	1	43	43	43	22	0	0	1	40	40	0
109945	1	64856	64856	64856	65196	0	0	1	39	39	1
109946	1	65523	65523	65523	65529	0	0	1	38	38	1
109947	1	785	785	785	33160	0	0	1	37	37	0
113192	1	75	75	75	38	0	0	1	16	16	0
113193	1	65453	65453	65453	65494	0	0	1	15	15	1
113194	1	65492	65492	65492	65514	0	0	1	14	14	1
113195	1	5061	5061	5061	2531	0	0	1	13	13	0
113196	1	13145	13145	13145	39340	0	0	1	12	12	1
113197	1	38988	38988	38988	52262	0	0	1	11	11	1
113198	1	52322	52322	52322	58929	0	0	1	10	10	1
113199	1	43368	43368	43368	21685	0	0	1	9	9	0
113200	1	693	693	693	347	0	0	1	8	8	0
113201	1	50474	50474	50474	58005	0	0	1	7	7	1
113202	1	60930	60930	60930	63233	0	0	1	6	6	1
113203	1	32689	32689	32689	49112	0	0	1	5	5	1
113204	1	5443	5443	5443	2722	0	0	1	4	4	0
113205	1	47304	47304	47304	56420	0	0	1	3	3	1
113206	1	5347	5347	5347	2674	0	0	1	2	2	0
113207	1	6625	6625	6625	3313	0	0	1	1	1	0
114824	1	59	59	59	30	0	0	1	64	64	0
114825	1	63820	63820	63820	64678	0	0	1	63	63	1
114826	1	65517	65517	65517	65526	0	0	1	62	62	1
114827	1	4475	4475	4475	2238	0	0	1	61	61	0
114828	1	43794	43794	43794	54665	0	0	1	60	60	1
114829	1	51458	51458	51458	58497	0	0	1	59	59	1
114830	1	62650	62650	62650	64093	0	0	1	58	58	1
114831	1	65302	65302	65302	65419	0	0	1	57	57	1
114832	1	303	303	303	152	0	0	1	56	56	0
114833	1	61188	61188	61188	63362	0	0	1	55	55	1
114834	1	65406	65406	65406	65471	0	0	1	54	54	1
114835	1	19945	19945	19945	9973	0	0	1	53	53	0
114836	1	58536	58536	58536	62036	0	0	1	52	52	1
114837	1	64628	64628	64628	65082	0	0	1	51	51	1
114838	1	33792	33792	33792	16897	0	0	1	50	50	1
117104	0	13	13	13	7	0	0	1	32	32	0
117105	0	46208	46208	46208	55872	0	0	1	31	31	1
117106	0	979	979	979	490	0	0	1	30	30	0
117107	0	64582	64582	64582	32292	0	0	1	29	29	1
119296	1	53	53	53	27	0	0	1	64	64	0
119297	1	64646	64646	64646	65091	0	0	1	63	63	1
119298	1	65521	65521	65521	65528	0	0	1	62	62	1
119299	1	1907	1907	1907	954	0	0	1	61	61	0
119300	1	56894	56894	56894	61215	0	0	1	60	60	1
119301	1	59390	59390	59390	62463	0	0	1	59	59	1
119302	1	65108	65108	65108	65322	0	0	1	58	58	1
119303	1	65453	65453	65453	65494	0	0	1	57	57	1
119304	1	193	193	193	97	0	0	1	56	56	0
119305	1	64400	64400	64400	64968	0	0	1	55	55	1
119306	1	65476	65476	65476	65506	0	0	1	54	54	1
119307	1	5061	5061	5061	2531	0	0	1	53	53	0
119308	1	63622	63622	63622	64579	0	0	1	52	52	1
119309	1	65396	65396	65396	65466	0	0	1	51	51	1
119310	1	61216	61216	61216	30609	0	0	1	50	50	1
119632	1	29	29	29	15	0	0	1	16	16	0
119633	1	65513	65513	65513	65524	0	0	1	15	15	1
119634	1	65519	65519	65519	65527	0	0	1	14	14	1
119635	1	945	945	945	473	0	0	1	13	13	0
119636	1	63290	63290	63290	64413	0	0	1	12	12	1
119637	1	64512	64512	64512	65024	0	0	1	11	11	1
119638	1	65220	65220	65220	65378	0	0	1	10	10	1
119639	1	5085	5085	5085	2543	0	0	1	9	9	0
119640	1	23	23	23	12	0	0	1	8	8	0
119641	1	65072	65072	65072	65304	0	0	1	7	7	1
119642	1	65412	65412	65412	65474	0	0	1	6	6	1
119643	1	64828	64828	64828	65182	0	0	1	5	5	1
119644	1	57	57	57	29	0	0	1	4	4	0
119645	1	65244	65244	65244	65390	0	0	1	3	3	1
119646	1	65	65	65	33	0	0	1	2	2	0
119647	1	67	67	67	34	0	0	1	1	1	0
126232	0	23	23	23	12	0	0	1	32	32	0
126233	0	545	545	545	33040	0	0	1	31	31	0
129264	1	25	25	25	13	0	0	1	16	16	0
129265	1	65505	65505	65505	65520	0	0	1	15	15	1
129266	1	65515	65515	65515	65525	0	0	1	14	14	1
129267	1	1871	1871	1871	936	0	0	1	13	13	0
129268	1	59232	59232	59232	62384	0	0	1	12	12	0
133720	1	23	23	23	12	0	0	1	16	16	0
133721	1	65517	65517	65517	65526	0	0	1	15	15	1
133722	1	65519	65519	65519	65527	0	0	1	14	14	1
133723	1	1403	1403	1403	702	0	0	1	13	13	0
133724	1	40240	40240	40240	20121	0	0	1	12	12	1
134176	1	19	19	19	10	0	0	1	16	16	0
134177	1	65515	65515	65515	65525	0	0	1	15	15	1
134178	1	65517	65517	65517	65526	0	0	1	14	14	1
134179	1	243	243	243	122	0	0	1	13	13	0
134180	1	22427	22427	22427	11214	0	0	1	12	12	1
138816	1	29	29	29	15	0	0	1	16	16	0
138817	1	65517	65517	65517	65526	0	0	1	15	15	1
138818	1	65511	65511	65511	65523	0	0	1	14	14	1
138819	1	539	539	539	270	0	0	1	13	13	0
138820	1	63730	63730	63730	31866	0	0	1	12	12	1
154432	1	51	51	51	26	0	0	1	32	32	0
154433	1	61716	61716	61716	63626	0	0	1	31	31	1
154434	1	65472	65472	65472	65504	0	0	1	30	30	1
154435	1	28953	28953	28953	47244	0	0	1	29	29	0
156920	1	343	343	343	172	0	0	1	48	48	0
156921	1	63026	63026	63026	64281	0	0	1	47	47	1
156922	1	64746	64746	64746	65141	0	0	1	46	46	1
156923	1	5415	5415	5415	2708	0	0	1	45	45	0
156924	1	29385	29385	29385	14693	0	0	1	44	44	1
182136	1	93	93	93	47	0	0	1	16	16	0
182137	1	63346	63346	63346	64441	0	0	1	15	15	1
182138	1	65463	65463	65463	65499	0	0	1	14	14	1
182139	1	8659	8659	8659	4330	0	0	1	13	13	0
182140	1	14637	14637	14637	7319	0	0	1	12	12	0
182141	1	5079	5079	5079	2540	0	0	1	11	11	0
182142	1	65062	65062	65062	65299	0	0	1	10	10	1
182143	1	65148	65148	65148	65342	0	0	1	9	9	1
182144	1	17	17	17	9	0	0	1	8	8	0
182145	1	65484	65484	65484	65510	0	0	1	7	7	1
182146	1	65515	65515	65515	65525	0	0	1	6	6	1
182147	1	47	47	47	24	0	0	1	5	5	0
182148	1	65414	65414	65414	65475	0	0	1	4	4	1
182149	1	65324	65324	65324	65430	0	0	1	3	3	1
182150	1	65507	65507	65507	65521	0	0	1	2	2	1
182151	1	65498	65498	65498	65517	0	0	1	1	1	1
193112	1	75	75	75	38	0	0	1	40	40	0
193113	1	64482	64482	64482	65009	0	0	1	39	39	1
193114	1	65390	65390	65390	65463	0	0	1	38	38	1
193115	1	6067	6067	6067	3034	0	0	1	37	37	1
196752	1	393	393	197	197	0	2	2	48	56	0
196753	1	65272	65272	65404	65404	0	2	2	47	55	1
196754	1	65382	65382	65459	65459	0	2	2	46	54	1
196755	1	10827	10827	5414	5414	0	2	2	45	53	0
196756	1	61504	61504	63520	63520	0	2	2	44	52	1
196757	1	62312	62312	63924	63924	0	2	2	43	51	1
196758	1	65054	65054	65295	65295	0	2	2	42	50	1
196759	1	65418	65418	65477	65477	0	2	2	41	49	1
196760	1	259	259	130	130	0	2	2	40	48	0
196761	1	65453	65453	65494	65494	0	2	2	39	47	1
196762	1	65340	65340	65438	65438	0	2	2	38	46	1
196763	1	63174	63174	64355	64355	0	2	2	37	45	1
196764	1	49	49	25	25	0	2	2	36	44	0
196765	1	1715	1715	858	858	0	2	2	35	43	0
196766	1	65432	65432	65484	65484	0	2	2	34	42	1
196767	1	64408	64408	64972	64972	0	2	2	33	41	1
196768	1	67	67	34	34	0	2	2	32	40	0
196769	1	65451	65451	65493	65493	0	2	2	31	39	1
196770	1	65492	65492	65514	65514	0	2	2	30	38	1
196771	1	65336	65336	65436	65436	0	2	2	29	37	1
196772	1	33	33	17	17	0	2	2	28	36	0
196773	1	65449	65449	65492	65492	0	2	2	27	35	1
196774	1	27	27	14	14	0	2	2	26	34	0
196775	1	35	35	18	18	0	2	2	25	33	0
196776	1	44516	44516	38643	38643	0	2	2	24	32	1
196777	1	65500	65500	65518	65518	0	1	1	23	23	1
196778	1	64540	64540	65038	65038	0	1	1	22	22	1
196779	1	64484	64484	65010	65010	0	1	1	21	21	1
196780	1	3063	3063	1532	1532	0	1	1	20	20	0
196781	1	64502	64502	65019	65019	0	1	1	19	19	1
196782	1	1127	1127	564	564	0	1	1	18	18	0
196783	1	2429	2429	1215	1215	0	1	1	17	17	1
197408	1	225	225	225	113	0	0	1	88	88	0
197409	1	65519	65519	65519	65527	0	0	1	87	87	1
197410	1	65509	65509	65509	65522	0	0	1	86	86	1
197411	1	10199	10199	10199	5100	0	0	1	85	85	1
202032	1	31	31	31	16	0	0	2	32	48	0
202033	1	64270	64270	64270	64903	0	0	2	31	47	1
202034	1	65469	65469	65469	65502	0	0	2	30	46	1
202035	1	6333	6333	6333	3167	0	0	2	29	45	0
202036	1	20201	20201	20201	10101	0	0	2	28	44	0
202037	1	29497	29497	29497	31133	0	0	2	27	43	0
202038	1	135	135	135	68	0	0	1	26	26	0
202039	1	65535	65535	65535	65535	0	0	1	25	25	1
202040	1	33	33	33	17	0	0	1	24	24	0
202041	1	64752	64752	64752	65144	0	0	1	23	23	1
202042	1	64544	64544	64544	65040	0	0	1	22	22	1
202043	1	20557	20557	20557	10279	0	0	1	21	21	0
202044	1	36982	36982	36982	18492	0	0	1	20	20	1
202240	1	33	33	33	17	0	0	1	40	40	0
202241	1	63866	63866	63866	64701	0	0	1	39	39	0
202272	1	147	147	147	74	0	0	1	16	16	0
202273	1	64060	64060	64060	64798	0	0	1	15	15	1
202274	1	65517	65517	65517	65526	0	0	1	14	14	1
202275	1	10047	10047	10047	5024	0	0	1	13	13	0
202276	1	19769	19769	19769	9885	0	0	1	12	12	1
212992	1	77	77	77	39	0	0	1	40	40	0
212993	1	61554	61554	61554	63545	0	0	1	39	39	1
212994	1	65492	65492	65492	65514	0	0	1	38	38	1
212995	1	5823	5823	5823	2912	0	0	1	37	37	0
212996	1	17749	17749	17749	8875	0	0	1	36	36	0
212997	1	9293	9293	9293	4647	0	0	1	35	35	0
212998	1	33688	33688	33688	49612	0	0	1	34	34	1
212999	1	65316	65316	65316	65426	0	0	1	33	33	0
225224	1	157	157	157	79	0	0	1	72	72	0
225225	1	61784	61784	61784	63660	0	0	1	71	71	1
225226	1	65080	65080	65080	65308	0	0	1	70	70	1
225227	1	17731	17731	17731	41633	0	0	1	69	69	1
225228	1	14167	14167	14167	7084	0	0	1	68	68	1
226144	1	99	99	99	50	0	0	2	32	48	0
226145	1	62634	62634	62634	64085	0	0	2	31	47	1
226146	1	65472	65472	65472	65504	0	0	2	30	46	1
226147	1	5459	5459	5459	2730	0	0	2	29	45	0
226148	1	17739	17739	17739	8870	0	0	2	28	44	0
226149	1	42806	42806	42806	37788	0	0	2	27	43	1
226150	1	129	129	129	65	0	0	1	42	42	0
226151	1	65507	65507	65507	65521	0	0	1	41	41	1
226152	1	223	223	223	112	0	0	1	40	40	0
226153	1	63922	63922	63922	64729	0	0	1	39	39	1
226154	1	65218	65218	65218	65377	0	0	1	38	38	1
226155	1	7509	7509	7509	3755	0	0	1	37	37	0
226156	1	46664	46664	46664	23333	0	0	1	36	36	1
229712	1	35	35	35	18	0	0	1	24	24	0
229713	1	60980	60980	60980	63258	0	0	1	23	23	1
229714	1	64408	64408	64408	64972	0	0	1	22	22	1
229715	1	195	195	195	98	0	0	1	21	21	0
229716	1	64830	64830	64830	65183	0	0	1	20	20	1
229717	1	133	133	133	67	0	0	1	19	19	0
229718	1	139	139	139	70	0	0	1	18	18	0
229719	1	65480	65480	65480	65508	0	0	1	17	17	1
229720	1	39	39	39	20	0	0	1	16	16	0
229721	1	65488	65488	65488	65512	0	0	1	15	15	1
229722	1	65507	65507	65507	65521	0	0	1	14	14	1
229723	1	65072	65072	65072	65304	0	0	1	13	13	1
229724	1	185	185	185	93	0	0	1	12	12	0
229725	1	483	483	483	242	0	0	1	11	11	0
229726	1	65500	65500	65500	65518	0	0	1	10	10	1
229727	1	65507	65507	65507	65521	0	0	1	9	9	1
229728	1	55	55	55	28	0	0	1	8	8	0
229729	1	65502	65502	65502	65519	0	0	1	7	7	1
229730	1	65502	65502	65502	65519	0	0	1	6	6	1
229731	1	59772	59772	59772	62654	0	0	1	5	5	0
231944	1	365	365	183	183	0	1	1	96	96	0
231945	1	50810	50810	58173	58173	0	1	1	95	95	1
231946	1	65294	65294	65415	65415	0	1	1	94	94	1
231947	1	13985	13985	6993	6993	0	1	1	93	93	0
231948	1	33688	33688	16845	16845	0	1	1	92	92	0
231949	1	27373	27373	13687	13687	0	1	1	91	91	1
244536	1	279	279	140	140	0	1	1	96	96	0
244537	1	60574	60574	63055	63055	0	1	1	95	95	1
244538	1	65445	65445	65490	65490	0	1	1	94	94	1
244539	1	4625	4625	2313	2313	0	1	1	93	93	0
244540	1	55396	55396	27699	27699	0	1	1	92	92	1
248048	1	475	475	238	238	0	1	1	96	96	0
248049	1	59060	59060	62298	62298	0	1	1	95	95	0
257328	1	61	61	61	31	0	0	1	16	16	0
257329	1	59366	59366	59366	62451	0	0	1	15	15	1
257330	1	65490	65490	65490	65513	0	0	1	14	14	1
257331	1	9263	9263	9263	4632	0	0	1	13	13	0
257332	1	26247	26247	26247	13124	0	0	1	12	12	0
257333	1	33366	33366	33366	49451	0	0	1	11	11	1
257334	1	45	45	45	23	0	0	1	10	10	0
257335	1	65502	65502	65502	65519	0	0	1	9	9	1
257336	1	101	101	101	51	0	0	1	8	8	0
257337	1	60482	60482	60482	63009	0	0	1	7	7	0
284768	1	239	239	239	120	0	0	1	40	40	0
284769	1	65486	65486	65486	65511	0	0	1	39	39	1
284770	1	65469	65469	65469	65502	0	0	1	38	38	1
284771	1	14451	14451	14451	7226	0	0	1	37	37	1
332416	0	9	9	9	5	0	0	1	32	32	0
332417	0	65	65	65	32800	0	0	1	31	31	0
465280	1	177	177	177	89	0	0	1	56	56	0
465281	1	63318	63318	63318	64427	0	0	1	55	55	1
465282	1	64808	64808	64808	65172	0	0	1	54	54	1
465283	1	14181	14181	14181	39858	0	0	1	53	53	0
485368	0	11	11	11	6	0	0	1	32	32	0
485369	0	83	83	83	32809	0	0	1	31	31	0
496896	0	133	67	67	67	1	2	4	24	56	0
496897	0	65515	65525	65525	65525	1	2	4	23	55	1
496898	0	65507	65521	65521	65521	1	2	4	22	54	1
496899	0	29837	14919	14919	14919	1	2	4	21	53	0
496900	0	49876	57706	41323	41323	1	2	4	20	52	1
496901	0	61598	63567	63567	63567	1	1	2	51	51	1
496902	0	36150	18076	18076	18076	1	1	2	50	50	0
496903	0	17543	8772	8772	8772	1	1	2	49	49	1
515000	0	39	20	20	20	1	2	4	24	56	0
515001	0	65507	65521	65521	65521	1	2	4	23	55	1
515002	0	65525	65530	65530	65530	1	2	4	22	54	1
515003	0	24365	12183	12183	12183	1	2	4	21	53	0
515004	0	58444	61990	45607	45607	1	2	4	20	52	0
515005	0	38384	38384	51960	35577	0	1	2	19	19	1
515006	0	28523	28523	14262	14262	0	1	1	18	18	0
515007	0	7809	7809	3905	3905	0	1	1	17	17	0
515008	0	55	55	28	28	0	1	1	16	16	0
515009	0	59680	59680	62608	62608	0	1	1	15	15	1
515010	0	58520	58520	29261	29261	0	1	1	14	14	1
526600	0	33	17	17	17	1	2	4	24	56	0
526601	0	65494	65515	65515	65515	1	2	4	23	55	1
526602	0	65513	65524	65524	65524	1	2	4	22	54	1
526603	0	49898	24950	24950	24950	1	2	4	21	53	1
526712	0	39	20	20	20	1	2	4	24	56	0
526713	0	65519	65527	65527	65527	1	2	4	23	55	1
526714	0	65521	65528	65528	65528	1	2	4	22	54	1
526715	0	63930	31966	31966	31966	1	2	4	21	53	1
527256	1	21	21	21	11	0	0	1	24	24	0
527257	1	49672	49672	49672	57604	0	0	1	23	23	1
527258	1	293	293	293	147	0	0	1	22	22	0
527259	1	65476	65476	65476	32739	0	0	1	21	21	1
530912	1	27	27	27	14	0	0	1	24	24	0
530913	1	60856	60856	60856	63196	0	0	1	23	23	1
530914	1	709	709	709	355	0	0	1	22	22	0
530915	1	65274	65274	65274	32638	0	0	1	21	21	1
531688	1	21	21	21	11	0	0	1	24	24	0
531689	1	63352	63352	63352	64444	0	0	1	23	23	1
531690	1	4795	4795	4795	2398	0	0	1	22	22	0
531691	1	65505	65505	65505	32753	0	0	1	21	21	1
589632	1	29	29	29	15	0	0	1	48	48	0
589633	1	65525	65525	65525	65530	0	0	1	47	47	1
589634	1	65502	65502	65502	65519	0	0	1	46	46	1
589635	1	44444	44444	44444	22223	0	0	1	45	45	0
589636	1	37492	37492	37492	51514	0	0	1	44	44	1
589637	1	49318	49318	49318	57427	0	0	1	43	43	1
589638	1	25989	25989	25989	12995	0	0	1	42	42	0
589639	1	6269	6269	6269	3135	0	0	1	41	41	0
589640	1	55	55	55	28	0	0	1	40	40	0
589641	1	63812	63812	63812	64674	0	0	1	39	39	1
589642	1	37726	37726	37726	51631	0	0	1	38	38	1
589643	1	10003	10003	10003	5002	0	0	1	37	37	1
604200	0	37	19	19	19	1	1	5	24	64	0
604201	0	65156	65346	65346	65346	1	1	5	23	63	1
604202	0	65463	65499	65499	65499	1	1	5	22	62	1
604203	0	21999	11000	11000	11000	1	1	5	21	61	0
604204	0	50430	57983	57983	44876	1	1	5	20	60	0
604205	0	28993	28993	28993	30881	0	0	2	19	19	0
604206	0	40172	40172	40172	20087	0	0	1	18	18	1
615344	0	19	10	10	10	1	1	5	24	64	0
615345	0	65517	65526	65526	65526	1	1	5	23	63	1
615346	0	65517	65526	65526	65526	1	1	5	22	62	1
615347	0	3753	1877	1877	1877	1	1	5	21	61	0
615348	0	61610	63573	63573	50466	1	1	5	20	60	1
615349	0	64098	64817	64817	64817	1	1	3	51	59	1
615350	0	1109	555	555	555	1	1	3	50	58	0
615351	0	579	290	290	290	1	1	3	49	57	0
615352	0	19	10	10	10	1	1	3	48	56	0
615353	0	2015	33775	33775	33775	1	1	3	47	55	0
616520	0	15	8	8	8	1	1	5	24	64	0
616521	0	65505	65520	65520	65520	1	1	5	23	63	1
616522	0	65521	65528	65528	65528	1	1	5	22	62	1
616523	0	5805	2903	2903	2903	1	1	5	21	61	0
616524	0	59164	62350	62350	49243	1	1	5	20	60	1
616525	0	64180	64858	64858	64858	1	1	3	51	59	1
616526	0	787	394	394	394	1	1	3	50	58	0
616527	0	969	485	485	485	1	1	3	49	57	0
616528	0	13	7	7	7	1	1	3	48	56	0
616529	0	2083	33809	33809	33809	1	1	3	47	55	0
623664	1	41	41	21	21	0	1	1	48	48	0
623665	1	65250	65250	65393	65393	0	1	1	47	47	1
623666	1	65428	65428	65482	65482	0	1	1	46	46	1
623667	1	59828	59828	62682	62682	0	1	1	45	45	1
623668	1	125	125	63	63	0	1	1	44	44	0
623669	1	1325	1325	663	663	0	1	1	43	43	0
623670	1	65513	65513	65524	65524	0	1	1	42	42	1
623671	1	269	269	135	135	0	1	1	41	41	0
623672	1	17	17	9	9	0	1	1	40	40	0
623673	1	65378	65378	65457	65457	0	1	1	39	39	1
623674	1	65507	65507	65521	65521	0	1	1	38	38	1
623675	1	62642	62642	64089	64089	0	1	1	37	37	1
623676	1	289	289	145	145	0	1	1	36	36	0
623677	1	65424	65424	65480	65480	0	1	1	35	35	1
623678	1	47	47	24	24	0	1	1	34	34	0
623679	1	65523	65523	65529	65529	0	1	1	33	33	1
623680	1	15	15	8	8	0	1	1	32	32	0
623681	1	65214	65214	65375	65375	0	1	1	31	31	1
623682	1	65348	65348	65442	65442	0	1	1	30	30	1
623683	1	451	451	226	226	0	1	1	29	29	0
623684	1	987	987	494	494	0	1	1	28	28	0
623685	1	251	251	126	126	0	1	1	27	27	0
623686	1	65416	65416	65476	65476	0	1	1	26	26	1
623687	1	65484	65484	65510	65510	0	1	1	25	25	1
623688	1	23	23	12	12	0	1	1	24	24	0
623689	1	65490	65490	65513	65513	0	1	1	23	23	1
623690	1	65490	65490	65513	65513	0	1	1	22	22	1
623691	1	85	85	43	43	0	1	1	21	21	0
623692	1	65457	65457	65496	65496	0	1	1	20	20	1
623693	1	69	69	35	35	0	1	1	19	19	0
623694	1	41	41	21	21	0	1	1	18	18	0
623695	1	65406	65406	65471	65471	0	1	1	17	17	1
623696	1	19	19	10	10	0	1	1	16	16	0
623697	1	65250	65250	65393	65393	0	1	1	15	15	1
623698	1	65449	65449	65492	65492	0	1	1	14	14	1
623699	1	97	97	49	49	0	1	1	13	13	0
623700	1	59	59	30	30	0	1	1	12	12	0
623701	1	71	71	36	36	0	1	1	11	11	0
623702	1	57	57	29	29	0	1	1	10	10	0
623703	1	65535	65535	65535	65535	0	1	1	9	9	1
623704	1	11	11	6	6	0	1	1	8	8	0
623705	1	65502	65502	65519	65519	0	1	1	7	7	1
623706	1	65402	65402	65469	65469	0	1	1	6	6	1
623707	1	215	215	108	108	0	1	1	5	5	0
623708	1	65488	65488	65512	65512	0	1	1	4	4	1
623709	1	65511	65511	65523	65523	0	1	1	3	3	1
623710	1	63	63	32	32	0	1	1	2	2	0
623711	1	39	39	20	20	0	1	1	1	1	0
624960	1	15	15	8	8	0	1	1	16	16	0
624961	1	65525	65525	65530	65530	0	1	1	15	15	1
624962	1	65527	65527	65531	65531	0	1	1	14	14	1
624963	1	243	243	122	122	0	1	1	13	13	0
624964	1	3921	3921	1961	1961	0	1	1	12	12	0
624965	1	249	249	125	125	0	1	1	11	11	0
624966	1	333	333	167	167	0	1	1	10	10	0
624967	1	65535	65535	65535	65535	0	1	1	9	9	1
624968	1	9	9	5	5	0	1	1	8	8	0
624969	1	65472	65472	65504	65504	0	1	1	7	7	1
624970	1	65471	65471	65503	65503	0	1	1	6	6	1
624971	1	471	471	236	236	0	1	1	5	5	0
624972	1	221	221	111	111	0	1	1	4	4	0
624973	1	65356	65356	65446	65446	0	1	1	3	3	1
624974	1	45	45	23	23	0	1	1	2	2	0
624975	1	65502	65502	65519	65519	0	1	1	1	1	1
625624	1	17	17	9	9	0	1	1	16	16	0
625625	1	65527	65527	65531	65531	0	1	1	15	15	1
625626	1	65527	65527	65531	65531	0	1	1	14	14	1
625627	1	123	123	62	62	0	1	1	13	13	0
625628	1	479	479	240	240	0	1	1	12	12	0
625629	1	105	105	53	53	0	1	1	11	11	0
625630	1	119	119	60	60	0	1	1	10	10	0
625631	1	65535	65535	65535	65535	0	1	1	9	9	1
625632	1	9	9	5	5	0	1	1	8	8	0
625633	1	65461	65461	65498	65498	0	1	1	7	7	1
625634	1	65509	65509	65522	65522	0	1	1	6	6	1
625635	1	151	151	76	76	0	1	1	5	5	0
625636	1	141	141	71	71	0	1	1	4	4	0
625637	1	65380	65380	65458	65458	0	1	1	3	3	1
625638	1	57	57	29	29	0	1	1	2	2	0
625639	1	65496	65496	65516	65516	0	1	1	1	1	1
627240	0	11	11	6	6	0	1	1	64	64	0
627241	0	13	13	32774	32774	0	1	1	63	63	0
631600	1	23	23	12	12	0	1	1	48	48	0
631601	1	64844	64844	65190	65190	0	1	1	47	47	1
631602	1	65519	65519	65527	65527	0	1	1	46	46	1
631603	1	60982	60982	63259	63259	0	1	1	45	45	1
631604	1	51	51	26	26	0	1	1	44	44	0
631605	1	605	605	303	303	0	1	1	43	43	0
631606	1	65523	65523	65529	65529	0	1	1	42	42	1
631607	1	143	143	72	72	0	1	1	41	41	0
631608	1	17	17	9	9	0	1	1	40	40	0
631609	1	65441	65441	65488	65488	0	1	1	39	39	1
631610	1	65525	65525	65530	65530	0	1	1	38	38	1
631611	1	64984	64984	65260	65260	0	1	1	37	37	1
631612	1	23	23	12	12	0	1	1	36	36	0
631613	1	65509	65509	65522	65522	0	1	1	35	35	1
631614	1	13	13	7	7	0	1	1	34	34	0
631615	1	65523	65523	65529	65529	0	1	1	33	33	1
631616	1	9	9	5	5	0	1	1	32	32	0
631617	1	65467	65467	65501	65501	0	1	1	31	31	1
631618	1	65474	65474	65505	65505	0	1	1	30	30	1
631619	1	53	53	27	27	0	1	1	29	29	0
631620	1	121	121	61	61	0	1	1	28	28	0
631621	1	47	47	24	24	0	1	1	27	27	0
631622	1	65505	65505	65520	65520	0	1	1	26	26	1
631623	1	65513	65513	65524	65524	0	1	1	25	25	1
631624	1	23	23	12	12	0	1	1	24	24	0
631625	1	65488	65488	65512	65512	0	1	1	23	23	1
631626	1	65519	65519	65527	65527	0	1	1	22	22	1
631627	1	31	31	16	16	0	1	1	21	21	0
631628	1	65507	65507	65521	65521	0	1	1	20	20	1
631629	1	37	37	19	19	0	1	1	19	19	0
631630	1	25	25	13	13	0	1	1	18	18	0
631631	1	65500	65500	65518	65518	0	1	1	17	17	1
631632	1	17	17	9	9	0	1	1	16	16	0
631633	1	65352	65352	65444	65444	0	1	1	15	15	1
631634	1	65486	65486	65511	65511	0	1	1	14	14	1
631635	1	43	43	22	22	0	1	1	13	13	0
631636	1	29	29	15	15	0	1	1	12	12	0
631637	1	35	35	18	18	0	1	1	11	11	0
631638	1	27	27	14	14	0	1	1	10	10	0
631639	1	65535	65535	65535	65535	0	1	1	9	9	1
631640	1	11	11	6	6	0	1	1	8	8	0
631641	1	65492	65492	65514	65514	0	1	1	7	7	1
631642	1	65494	65494	65515	65515	0	1	1	6	6	1
631643	1	127	127	64	64	0	1	1	5	5	0
631644	1	65519	65519	65527	65527	0	1	1	4	4	1
631645	1	65525	65525	65530	65530	0	1	1	3	3	1
631646	1	29	29	15	15	0	1	1	2	2	0
631647	1	25	25	13	13	0	1	1	1	1	0
632368	1	23	23	12	12	0	1	1	48	48	0
632369	1	65414	65414	65475	65475	0	1	1	47	47	1
632370	1	65527	65527	65531	65531	0	1	1	46	46	1
632371	1	64464	64464	65000	65000	0	1	1	45	45	1
632372	1	27	27	14	14	0	1	1	44	44	0
632373	1	161	161	81	81	0	1	1	43	43	0
632374	1	65513	65513	65524	65524	0	1	1	42	42	1
632375	1	47	47	24	24	0	1	1	41	41	0
632376	1	17	17	9	9	0	1	1	40	40	0
632377	1	65488	65488	65512	65512	0	1	1	39	39	1
632378	1	65527	65527	65531	65531	0	1	1	38	38	1
632379	1	65386	65386	65461	65461	0	1	1	37	37	1
632380	1	25	25	13	13	0	1	1	36	36	0
632381	1	65523	65523	65529	65529	0	1	1	35	35	1
632382	1	13	13	7	7	0	1	1	34	34	0
632383	1	65525	65525	65530	65530	0	1	1	33	33	1
632384	1	11	11	6	6	0	1	1	32	32	0
632385	1	65471	65471	65503	65503	0	1	1	31	31	1
632386	1	65472	65472	65504	65504	0	1	1	30	30	1
632387	1	41	41	21	21	0	1	1	29	29	0
632388	1	141	141	71	71	0	1	1	28	28	0
632389	1	37	37	19	19	0	1	1	27	27	0
632390	1	65505	65505	65520	65520	0	1	1	26	26	1
632391	1	65519	65519	65527	65527	0	1	1	25	25	1
632392	1	27	27	14	14	0	1	1	24	24	0
632393	1	65509	65509	65522	65522	0	1	1	23	23	1
632394	1	65519	65519	65527	65527	0	1	1	22	22	1
632395	1	27	27	14	14	0	1	1	21	21	0
632396	1	65513	65513	65524	65524	0	1	1	20	20	1
632397	1	21	21	11	11	0	1	1	19	19	0
632398	1	23	23	12	12	0	1	1	18	18	0
632399	1	65513	65513	65524	65524	0	1	1	17	17	1
632400	1	19	19	10	10	0	1	1	16	16	0
632401	1	65482	65482	65509	65509	0	1	1	15	15	1
632402	1	65494	65494	65515	65515	0	1	1	14	14	1
632403	1	33	33	17	17	0	1	1	13	13	0
632404	1	23	23	12	12	0	1	1	12	12	0
632405	1	35	35	18	18	0	1	1	11	11	0
632406	1	25	25	13	13	0	1	1	10	10	0
632407	1	65535	65535	65535	65535	0	1	1	9	9	1
632408	1	11	11	6	6	0	1	1	8	8	0
632409	1	65517	65517	65526	65526	0	1	1	7	7	1
632410	1	65500	65500	65518	65518	0	1	1	6	6	1
632411	1	81	81	41	41	0	1	1	5	5	0
632412	1	65521	65521	65528	65528	0	1	1	4	4	1
632413	1	65527	65527	65531	65531	0	1	1	3	3	1
632414	1	21	21	11	11	0	1	1	2	2	0
632415	1	13	13	7	7	0	1	1	1	1	0
633352	1	9	9	9	5	0	0	1	48	48	0
633353	1	65527	65527	65527	65531	0	0	1	47	47	1
633354	1	65529	65529	65529	65532	0	0	1	46	46	1
633355	1	11	11	11	6	0	0	1	45	45	0
633356	1	11	11	11	6	0	0	1	44	44	0
633357	1	17	17	17	9	0	0	1	43	43	0
633358	1	17	17	17	9	0	0	1	42	42	0
633359	1	65535	65535	65535	65535	0	0	1	41	41	1
633360	1	7	7	7	4	0	0	1	40	40	0
633361	1	65529	65529	65529	65532	0	0	1	39	39	1
633362	1	65519	65519	65519	65527	0	0	1	38	38	1
633363	1	59	59	59	30	0	0	1	37	37	0
633364	1	65511	65511	65511	65523	0	0	1	36	36	1
633365	1	37	37	37	19	0	0	1	35	35	0
633366	1	17	17	17	9	0	0	1	34	34	0
633367	1	13	13	13	7	0	0	1	33	33	0
633368	1	9	9	9	5	0	0	1	32	32	0
633369	1	65453	65453	65453	65494	0	0	1	31	31	1
633370	1	65488	65488	65488	65512	0	0	1	30	30	1
633371	1	59182	59182	59182	29592	0	0	1	29	29	1
637400	1	87	87	87	44	0	0	1	64	64	0
637401	1	65471	65471	65471	65503	0	0	1	63	63	1
637402	1	65507	65507	65507	65521	0	0	1	62	62	1
637403	1	8005	8005	8005	4003	0	0	1	61	61	1
637936	1	17	17	17	9	0	0	2	24	32	0
637937	1	65463	65463	65463	65499	0	0	2	23	31	1
637938	1	65461	65461	65461	65498	0	0	2	22	30	1
637939	1	155	155	155	78	0	0	2	21	29	0
637940	1	285	285	285	143	0	0	2	20	28	0
637941	1	353	353	353	177	0	0	2	19	27	0
637942	1	25	25	25	13	0	0	2	18	26	0
637943	1	65535	65535	65535	65535	0	0	2	17	25	1
637944	1	9	9	9	5	0	0	2	16	24	0
637945	1	65527	65527	65527	65531	0	0	2	15	23	1
637946	1	65521	65521	65521	65528	0	0	2	14	22	1
637947	1	64560	64560	64560	48665	0	0	2	13	21	1
637948	1	64838	64838	64838	65187	0	0	1	20	20	1
637949	1	1	1	1	1	0	0	1	19	19	0
637950	1	19	19	19	10	0	0	1	18	18	0
637951	1	65523	65523	65523	65529	0	0	1	17	17	1
637952	1	13	13	13	7	0	0	1	16	16	0
637953	1	65502	65502	65502	65519	0	0	1	15	15	1
637954	1	65496	65496	65496	65516	0	0	1	14	14	1
637955	1	93	93	93	47	0	0	1	13	13	0
637956	1	81	81	81	41	0	0	1	12	12	0
637957	1	65354	65354	65354	65445	0	0	1	11	11	1
637958	1	53	53	53	27	0	0	1	10	10	0
637959	1	65509	65509	65509	65522	0	0	1	9	9	1
637960	1	13	13	13	7	0	0	1	8	8	0
637961	1	65459	65459	65459	65497	0	0	1	7	7	1
637962	1	65471	65471	65471	65503	0	0	1	6	6	1
637963	1	83	83	83	42	0	0	1	5	5	0
637964	1	53	53	53	27	0	0	1	4	4	0
637965	1	65498	65498	65498	65517	0	0	1	3	3	1
637966	1	25	25	25	13	0	0	1	2	2	0
637967	1	37	37	37	19	0	0	1	1	1	0
638088	1	13	13	13	7	0	0	1	48	48	0
638089	1	65527	65527	65527	65531	0	0	1	47	47	1
638090	1	65525	65525	65525	65530	0	0	1	46	46	1
638091	1	19	19	19	10	0	0	1	45	45	0
638092	1	17	17	17	9	0	0	1	44	44	0
638093	1	29	29	29	15	0	0	1	43	43	0
638094	1	23	23	23	12	0	0	1	42	42	0
638095	1	65535	65535	65535	65535	0	0	1	41	41	1
638096	1	9	9	9	5	0	0	1	40	40	0
638097	1	65525	65525	65525	65530	0	0	1	39	39	1
638098	1	65502	65502	65502	65519	0	0	1	38	38	1
638099	1	121	121	121	61	0	0	1	37	37	0
638100	1	65492	65492	65492	65514	0	0	1	36	36	1
638101	1	63	63	63	32	0	0	1	35	35	0
638102	1	29	29	29	15	0	0	1	34	34	0
638103	1	21	21	21	11	0	0	1	33	33	0
638104	1	15	15	15	8	0	0	1	32	32	0
638105	1	65488	65488	65488	65512	0	0	1	31	31	1
638106	1	65509	65509	65509	65522	0	0	1	30	30	1
638107	1	2309	2309	2309	1155	0	0	1	29	29	0
638108	1	71	71	71	36	0	0	1	28	28	0
638109	1	81	81	81	41	0	0	1	27	27	0
638110	1	39	39	39	20	0	0	1	26	26	0
638111	1	65535	65535	65535	65535	0	0	1	25	25	1
638112	1	13	13	13	7	0	0	1	24	24	0
638113	1	65523	65523	65523	65529	0	0	1	23	23	1
638114	1	65498	65498	65498	65517	0	0	1	22	22	1
638115	1	65463	65463	65463	65499	0	0	1	21	21	1
638116	1	65486	65486	65486	65511	0	0	1	20	20	1
638117	1	1	1	1	1	0	0	1	19	19	0
638118	1	27	27	27	14	0	0	1	18	18	0
638119	1	65517	65517	65517	65526	0	0	1	17	17	1
638120	1	13	13	13	7	0	0	1	16	16	0
638121	1	65523	65523	65523	65529	0	0	1	15	15	1
638122	1	65507	65507	65507	65521	0	0	1	14	14	1
638123	1	51	51	51	26	0	0	1	13	13	0
638124	1	35	35	35	18	0	0	1	12	12	0
638125	1	121	121	121	61	0	0	1	11	11	0
638126	1	33	33	33	17	0	0	1	10	10	0
638127	1	65535	65535	65535	65535	0	0	1	9	9	1
638128	1	11	11	11	6	0	0	1	8	8	0
638129	1	65515	65515	65515	65525	0	0	1	7	7	1
638130	1	65436	65436	65436	65486	0	0	1	6	6	1
638131	1	37	37	37	19	0	0	1	5	5	0
638132	1	65521	65521	65521	65528	0	0	1	4	4	1
638133	1	65521	65521	65521	65528	0	0	1	3	3	1
638134	1	65517	65517	65517	65526	0	0	1	2	2	1
638135	1	19	19	19	10	0	0	1	1	1	0
638376	1	47	47	24	24	0	1	1	16	16	0
638377	1	65509	65509	65522	65522	0	1	1	15	15	1
638378	1	65519	65519	65527	65527	0	1	1	14	14	1
638379	1	2027	2027	1014	1014	0	1	1	13	13	0
638380	1	22841	22841	11421	11421	0	1	1	12	12	0
638381	1	3777	3777	1889	1889	0	1	1	11	11	0
638382	1	2633	2633	1317	1317	0	1	1	10	10	0
638383	1	65535	65535	65535	65535	0	1	1	9	9	1
638384	1	15	15	8	8	0	1	1	8	8	0
638385	1	65416	65416	65476	65476	0	1	1	7	7	1
638386	1	65436	65436	65486	65486	0	1	1	6	6	1
638387	1	337	337	169	169	0	1	1	5	5	0
638388	1	531	531	266	266	0	1	1	4	4	0
638389	1	65146	65146	65341	65341	0	1	1	3	3	1
638390	1	153	153	77	77	0	1	1	2	2	0
638391	1	65424	65424	65480	65480	0	1	1	1	1	1
642664	1	61	61	61	31	0	0	1	48	48	0
642665	1	62744	62744	62744	64140	0	0	1	47	47	1
642666	1	65461	65461	65461	65498	0	0	1	46	46	1
642667	1	4423	4423	4423	2212	0	0	1	45	45	0
642668	1	15357	15357	15357	7679	0	0	1	44	44	0
642669	1	25671	25671	25671	12836	0	0	1	43	43	1
644560	1	37	37	37	19	0	0	2	24	32	0
644561	1	62602	62602	62602	64069	0	0	2	23	31	1
644562	1	64996	64996	64996	65266	0	0	2	22	30	1
644563	1	3501	3501	3501	1751	0	0	2	21	29	0
644564	1	16645	16645	16645	8323	0	0	2	20	28	0
644565	1	9871	9871	9871	4936	0	0	2	19	27	0
644566	1	111	111	111	56	0	0	2	18	26	0
644567	1	65535	65535	65535	65535	0	0	2	17	25	1
644568	1	45	45	45	23	0	0	2	16	24	0
644569	1	64240	64240	64240	64888	0	0	2	15	23	1
644570	1	64634	64634	64634	65085	0	0	2	14	22	1
644571	1	38212	38212	38212	35491	0	0	2	13	21	1
644572	1	52094	52094	52094	58815	0	0	1	20	20	1
644573	1	1	1	1	1	0	0	1	19	19	0
644574	1	611	611	611	306	0	0	1	18	18	0
644575	1	65396	65396	65396	65466	0	0	1	17	17	1
644576	1	27	27	27	14	0	0	1	16	16	0
644577	1	65160	65160	65160	65348	0	0	1	15	15	1
644578	1	65262	65262	65262	65399	0	0	1	14	14	1
644579	1	283	283	283	142	0	0	1	13	13	0
644580	1	353	353	353	177	0	0	1	12	12	1
651208	0	63	32	32	32	1	1	6	24	88	0
651209	0	65498	65517	65517	65517	1	1	6	23	87	1
651210	0	65490	65513	65513	65513	1	1	6	22	86	1
651211	0	2479	1240	1240	6701	1	1	6	21	85	0
651212	0	63548	64542	64542	51435	1	1	5	20	60	1
651213	0	64928	65232	65232	65232	1	1	3	51	59	1
651214	0	58716	29359	29359	29359	1	1	3	50	58	1
655400	1	17	9	9	9	2	2	3	16	16	0
655401	1	64026	64781	64781	64781	2	2	3	15	15	1
655402	1	65517	65526	65526	65526	2	2	3	14	14	1
655403	1	155	78	78	78	2	2	3	13	13	0
655404	1	237	119	119	119	2	2	3	12	12	0
655405	1	613	307	307	307	2	2	3	11	11	0
655406	1	19	10	10	10	2	2	3	10	10	0
655407	1	65535	65535	65535	65535	2	2	3	9	9	1
655408	1	15	8	8	8	2	2	3	8	8	0
655409	1	65490	65513	65513	65513	2	2	3	7	7	1
655410	1	65496	65516	65516	65516	2	2	3	6	6	1
655411	1	1113	557	557	557	2	2	3	5	5	0
655412	1	255	128	128	128	2	2	3	4	4	0
655413	1	75	38	38	38	2	2	3	3	3	0
655414	1	65498	65517	65517	65517	2	2	3	2	2	1
655415	1	39	20	20	20	2	2	3	1	1	0
656832	1	19	19	19	10	0	0	1	32	32	0
656833	1	65513	65513	65513	65524	0	0	1	31	31	1
656834	1	65507	65507	65507	65521	0	0	1	30	30	1
656835	1	8185	8185	8185	4093	0	0	1	29	29	0
656836	1	8341	8341	8341	36938	0	0	1	28	28	0
657312	1	25	25	25	13	0	0	1	16	16	0
657313	1	65521	65521	65521	65528	0	0	1	15	15	1
657314	1	65507	65507	65507	65521	0	0	1	14	14	1
657315	1	2773	2773	2773	1387	0	0	1	13	13	0
657316	1	64790	64790	64790	32396	0	0	1	12	12	1
666328	1	7	7	7	4	0	0	1	32	32	0
666329	1	65535	65535	65535	65535	0	0	1	31	31	1
666330	1	65521	65521	65521	65528	0	0	1	30	30	1
666331	1	19	19	19	10	0	0	1	29	29	0
666332	1	21	21	21	32778	0	0	1	28	28	0
706592	1	11	11	6	6	0	1	2	32	48	0
706593	1	65535	65535	65535	65535	0	1	2	31	47	1
706594	1	65531	65531	65533	65533	0	1	2	30	46	1
706595	1	169	169	85	85	0	1	2	29	45	0
706596	1	407	407	204	16588	0	1	2	28	44	0
706597	1	141	141	71	71	0	1	1	43	43	0
706598	1	65505	65505	65520	65520	0	1	1	42	42	1
706599	1	45	45	23	23	0	1	1	41	41	0
706600	1	27	27	14	14	0	1	1	40	40	0
706601	1	65368	65368	65452	65452	0	1	1	39	39	1
706602	1	65471	65471	65503	65503	0	1	1	38	38	1
706603	1	127	127	64	64	0	1	1	37	37	0
706604	1	311	311	156	156	0	1	1	36	36	0
706605	1	42882	42882	21442	21442	0	1	1	35	35	1
721856	1	19	19	10	10	0	1	2	48	80	0
721857	1	65531	65531	65533	65533	0	1	2	47	79	1
721858	1	65513	65513	65524	65524	0	1	2	46	78	1
721859	1	60338	60338	30170	30170	0	1	2	45	77	1
778048	0	121	121	121	61	0	0	1	192	192	0
778049	0	65396	65396	65396	65466	0	0	1	191	191	1
778050	0	65436	65436	65436	65486	0	0	1	190	190	1
778051	0	22493	22493	22493	44014	0	0	1	189	189	1
778052	0	5399	5399	5399	2700	0	0	1	188	188	1
803160	0	19	19	19	10	0	0	1	64	64	0
803161	0	253	253	253	32894	0	0	1	63	63	0
803440	0	21	21	21	11	0	0	1	24	24	0
803441	0	39338	39338	39338	52437	0	0	1	23	23	1
803442	0	63	63	63	32	0	0	1	22	22	0
803443	0	65451	65451	65451	32726	0	0	1	21	21	1
805120	0	101	101	101	51	0	0	1	192	192	0
805121	0	65455	65455	65455	65495	0	0	1	191	191	1
805122	0	65474	65474	65474	65505	0	0	1	190	190	1
805123	0	18837	18837	18837	42186	0	0	1	189	189	0
820584	0	31	31	31	16	0	0	1	192	192	0
820585	0	65523	65523	65523	65529	0	0	1	191	191	1
820586	0	65523	65523	65523	65529	0	0	1	190	190	1
820587	0	4659	4659	4659	35097	0	0	1	189	189	0
828928	0	15	15	15	8	0	0	1	64	64	0
828929	0	27	27	27	32781	0	0	1	63	63	0
831616	0	21	21	21	11	0	0	1	64	64	0
831617	0	37	37	37	32786	0	0	1	63	63	0
833640	0	27	27	14	14	0	6	16	32	96	0
833641	0	64686	64686	65111	65111	0	6	16	31	95	1
833642	0	65490	65490	65513	65513	0	6	16	30	94	1
833643	0	24481	24481	17702	16337	0	6	16	29	93	0
833644	0	21953	21953	17530	20339	0	5	14	28	92	0
833645	0	18421	18421	9211	9211	0	4	10	27	91	1
833776	0	19	19	10	10	0	6	16	32	96	0
833777	0	65488	65488	65512	65512	0	6	16	31	95	1
833778	0	65519	65519	65527	65527	0	6	16	30	94	1
833779	0	3997	3997	7460	6095	0	6	16	29	93	0
833780	0	6935	6935	10021	12830	0	5	14	28	92	0
833781	0	62428	62428	31215	31215	0	4	10	27	91	0
833782	0	39318	39318	36044	45874	0	4	10	26	90	0
833783	0	65535	65535	65535	65535	0	2	2	57	57	1
833784	0	13	13	7	7	0	2	2	56	56	0
833785	0	3063	3063	34299	34299	0	2	2	55	55	0
834688	0	149	149	149	75	0	0	1	192	192	0
834689	0	65414	65414	65414	65475	0	0	1	191	191	1
834690	0	65420	65420	65420	65478	0	0	1	190	190	1
834691	0	39388	39388	39388	52462	0	0	1	189	189	1
834692	0	26457	26457	26457	13229	0	0	1	188	188	1
837088	1	15	15	15	8	0	0	1	72	72	0
837089	1	65521	65521	65521	65528	0	0	1	71	71	1
837090	1	65525	65525	65525	65530	0	0	1	70	70	1
837091	1	1611	1611	1611	33573	0	0	1	69	69	0
837168	1	21	21	21	11	0	0	1	72	72	0
837169	1	65521	65521	65521	65528	0	0	1	71	71	1
837170	1	65521	65521	65521	65528	0	0	1	70	70	1
837171	1	64800	64800	64800	65168	0	0	1	69	69	1
837172	1	17	17	17	9	0	0	1	68	68	0
837173	1	65482	65482	65482	32742	0	0	1	67	67	1
861624	0	23	23	23	12	0	0	1	192	192	0
861625	0	65505	65505	65505	65520	0	0	1	191	191	1
861626	0	65521	65521	65521	65528	0	0	1	190	190	1
861627	0	15083	15083	15083	40309	0	0	1	189	189	0
868528	0	25	25	25	13	0	0	1	192	192	0
868529	0	65507	65507	65507	65521	0	0	1	191	191	1
868530	0	65496	65496	65496	65516	0	0	1	190	190	1
868531	0	21915	21915	21915	43725	0	0	1	189	189	0
873752	1	71	71	71	36	0	0	1	32	32	0
873753	1	65278	65278	65278	65407	0	0	1	31	31	1
873754	1	65418	65418	65418	65477	0	0	1	30	30	1
873755	1	14343	14343	14343	39939	0	0	1	29	29	0
875096	0	11	11	6	6	0	1	1	24	24	0
875097	0	56000	56000	60768	60768	0	1	1	23	23	1
875098	0	151	151	76	76	0	1	1	22	22	0
875099	0	65515	65515	32758	32758	0	1	1	21	21	1
875352	0	15	15	8	8	0	1	1	24	24	0
875353	0	455	455	32995	32995	0	1	1	23	23	0
875680	0	13	7	7	7	1	7	16	32	96	0
875681	0	65482	65509	65509	65509	1	7	16	31	95	1
875682	0	65519	65527	65527	65527	1	7	16	30	94	1
875683	0	11341	5671	5671	9767	1	7	16	29	93	0
875684	0	49960	57748	34343	34343	1	7	14	28	92	1
875685	0	61534	63535	63535	63535	1	2	4	51	51	1
875686	0	4883	35209	35209	27017	1	2	4	50	50	0
875687	0	1819	1819	1819	33677	0	0	1	49	49	0
877272	0	27	27	14	14	0	1	1	24	24	0
877273	0	427	427	32981	32981	0	1	1	23	23	0
879760	0	15	15	8	8	0	1	1	24	24	0
879761	0	35	35	32785	32785	0	1	1	23	23	0
933960	0	33	33	33	17	0	0	1	24	24	0
933961	0	2975	2975	2975	34255	0	0	1	23	23	0
934936	0	69	69	69	35	0	0	1	24	24	0
934937	0	1167	1167	1167	33351	0	0	1	23	23	0
935096	0	21	21	21	11	0	0	1	24	24	0
935097	0	4555	4555	4555	35045	0	0	1	23	23	0
941528	1	135	135	135	68	0	0	1	56	56	0
941529	1	64718	64718	64718	65127	0	0	1	55	55	1
941530	1	65511	65511	65511	65523	0	0	1	54	54	1
941531	1	12255	12255	12255	6128	0	0	1	53	53	0
941532	1	30685	30685	30685	15343	0	0	1	52	52	0
941533	1	48762	48762	48762	57149	0	0	1	51	51	1
941534	1	55	55	55	28	0	0	1	50	50	0
941535	1	65486	65486	65486	65511	0	0	1	49	49	1
941536	1	537	537	537	269	0	0	1	48	48	0
941537	1	65328	65328	65328	65432	0	0	1	47	47	1
941538	1	65443	65443	65443	65489	0	0	1	46	46	1
941539	1	16803	16803	16803	8402	0	0	1	45	45	0
941540	1	12319	12319	12319	6160	0	0	1	44	44	0
941541	1	56864	56864	56864	61200	0	0	1	43	43	1
941542	1	4305	4305	4305	2153	0	0	1	42	42	0
941543	1	7649	7649	7649	3825	0	0	1	41	41	0
941544	1	299	299	299	150	0	0	1	40	40	0
941545	1	64556	64556	64556	65046	0	0	1	39	39	1
941546	1	65184	65184	65184	65360	0	0	1	38	38	1
941547	1	32085	32085	32085	48810	0	0	1	37	37	1
941548	1	705	705	705	353	0	0	1	36	36	0
941549	1	10193	10193	10193	5097	0	0	1	35	35	0
941550	1	65364	65364	65364	65450	0	0	1	34	34	1
941551	1	64008	64008	64008	64772	0	0	1	33	33	1
941552	1	159	159	159	80	0	0	1	32	32	0
941553	1	64226	64226	64226	64881	0	0	1	31	31	1
941554	1	65390	65390	65390	65463	0	0	1	30	30	1
941555	1	59358	59358	59358	62447	0	0	1	29	29	1
941556	1	119	119	119	60	0	0	1	28	28	0
941557	1	64262	64262	64262	64899	0	0	1	27	27	1
941558	1	927	927	927	464	0	0	1	26	26	0
941559	1	99	99	99	50	0	0	1	25	25	0
941560	1	205	205	205	103	0	0	1	24	24	0
941561	1	65480	65480	65480	65508	0	0	1	23	23	1
941562	1	65482	65482	65482	65509	0	0	1	22	22	1
941563	1	905	905	905	453	0	0	1	21	21	0
941564	1	64634	64634	64634	65085	0	0	1	20	20	1
941565	1	64990	64990	64990	65263	0	0	1	19	19	1
941566	1	65410	65410	65410	65473	0	0	1	18	18	1
941567	1	65469	65469	65469	65502	0	0	1	17	17	1
941568	1	117	117	117	59	0	0	1	16	16	0
941569	1	65461	65461	65461	65498	0	0	1	15	15	1
941570	1	65416	65416	65416	65476	0	0	1	14	14	1
941571	1	425	425	425	213	0	0	1	13	13	0
941572	1	65404	65404	65404	65470	0	0	1	12	12	1
941573	1	65507	65507	65507	65521	0	0	1	11	11	1
941574	1	65459	65459	65459	65497	0	0	1	10	10	1
941575	1	169	169	169	85	0	0	1	9	9	0
941576	1	157	157	157	79	0	0	1	8	8	0
941577	1	64544	64544	64544	65040	0	0	1	7	7	1
941578	1	65284	65284	65284	65410	0	0	1	6	6	1
941579	1	345	345	345	173	0	0	1	5	5	0
941580	1	177	177	177	89	0	0	1	4	4	0
941581	1	65471	65471	65471	65503	0	0	1	3	3	1
941582	1	201	201	201	101	0	0	1	2	2	0
941583	1	65505	65505	65505	65520	0	0	1	1	1	1
949760	1	145	145	145	73	0	0	1	56	56	0
949761	1	61328	61328	61328	63432	0	0	1	55	55	1
949762	1	65515	65515	65515	65525	0	0	1	54	54	1
949763	1	4293	4293	4293	2147	0	0	1	53	53	0
949764	1	15649	15649	15649	7825	0	0	1	52	52	1
950736	1	47	47	24	24	0	1	1	72	72	0
950737	1	60542	60542	63039	63039	0	1	1	71	71	1
950738	1	64894	64894	65215	65215	0	1	1	70	70	1
950739	1	10989	10989	5495	5495	0	1	1	69	69	0
950740	1	27607	27607	46571	46571	0	1	1	68	68	0
963984	1	19	19	19	10	0	0	1	72	72	0
963985	1	65505	65505	65505	65520	0	0	1	71	71	1
963986	1	65447	65447	65447	65491	0	0	1	70	70	1
963987	1	3255	3255	3255	1628	0	0	1	69	69	0
963988	1	64430	64430	64430	64983	0	0	1	68	68	1
963989	1	65220	65220	65220	65378	0	0	1	67	67	1
963990	1	5305	5305	5305	2653	0	0	1	66	66	0
963991	1	273	273	273	137	0	0	1	65	65	0
963992	1	25	25	25	13	0	0	1	64	64	0
963993	1	60326	60326	60326	62931	0	0	1	63	63	1
963994	1	65398	65398	65398	65467	0	0	1	62	62	1
963995	1	4835	4835	4835	2418	0	0	1	61	61	0
963996	1	9457	9457	9457	4729	0	0	1	60	60	0
963997	1	7509	7509	7509	3755	0	0	1	59	59	0
963998	1	9447	9447	9447	4724	0	0	1	58	58	0
963999	1	65535	65535	65535	65535	0	0	1	57	57	1
964000	1	31	31	31	16	0	0	1	56	56	0
964001	1	65252	65252	65252	65394	0	0	1	55	55	1
964002	1	64504	64504	64504	65020	0	0	1	54	54	1
964003	1	12293	12293	12293	6147	0	0	1	53	53	0
964004	1	4573	4573	4573	2287	0	0	1	52	52	0
964005	1	3889	3889	3889	1945	0	0	1	51	51	0
964006	1	65445	65445	65445	65490	0	0	1	50	50	1
964007	1	733	733	733	367	0	0	1	49	49	0
964008	1	31	31	31	16	0	0	1	48	48	0
964009	1	64998	64998	64998	65267	0	0	1	47	47	1
964010	1	65527	65527	65527	65531	0	0	1	46	46	1
964011	1	787	787	787	394	0	0	1	45	45	0
964012	1	2343	2343	2343	1172	0	0	1	44	44	0
964013	1	1057	1057	1057	529	0	0	1	43	43	0
964014	1	51	51	51	26	0	0	1	42	42	0
964015	1	65535	65535	65535	65535	0	0	1	41	41	1
964016	1	45	45	45	23	0	0	1	40	40	0
964017	1	65028	65028	65028	65282	0	0	1	39	39	1
964018	1	65234	65234	65234	65385	0	0	1	38	38	1
964019	1	3283	3283	3283	1642	0	0	1	37	37	0
964020	1	65040	65040	65040	65288	0	0	1	36	36	1
964021	1	64266	64266	64266	64901	0	0	1	35	35	1
964022	1	427	427	427	214	0	0	1	34	34	0
964023	1	64926	64926	64926	65231	0	0	1	33	33	1
964024	1	13	13	13	7	0	0	1	32	32	0
964025	1	65364	65364	65364	65450	0	0	1	31	31	1
964026	1	65445	65445	65445	65490	0	0	1	30	30	1
964027	1	719	719	719	360	0	0	1	29	29	0
964028	1	56066	56066	56066	60801	0	0	1	28	28	1
964029	1	22343	22343	22343	11172	0	0	1	27	27	1
977248	0	509	509	255	255	0	5	15	32	96	0
977249	0	65032	65032	65284	65284	0	5	15	31	95	1
977250	0	65432	65432	65484	65484	0	5	15	30	94	1
977251	0	24113	24113	12057	14241	0	5	15	29	93	0
977252	0	40476	40476	33346	29601	0	5	14	28	92	1
977253	0	52236	52236	58886	58886	0	2	4	51	67	0
977904	0	213	213	107	107	0	5	15	32	96	0
977905	0	65451	65451	65493	65493	0	5	15	31	95	1
977906	0	65482	65482	65509	65509	0	5	15	30	94	1
977907	0	9441	9441	4721	6905	0	5	15	29	93	0
977908	0	51936	51936	39076	35331	0	5	14	28	92	0
977909	0	33480	33480	16741	16741	0	3	10	27	91	0
977910	0	58416	58416	61976	55423	0	3	10	26	90	1
977911	0	58800	58800	29401	29401	0	3	8	25	89	1
981936	0	139	139	70	70	0	5	15	32	96	0
981937	0	65236	65236	65386	65386	0	5	15	31	95	1
981938	0	65463	65463	65499	65499	0	5	15	30	94	1
981939	0	14509	14509	7255	9439	0	5	15	29	93	0
981940	0	22259	22259	24237	20492	0	5	14	28	92	1
981941	0	27009	27009	46272	46272	0	2	4	51	67	0
982256	0	139	139	70	70	0	5	15	32	96	0
982257	0	65050	65050	65293	65293	0	5	15	31	95	1
982258	0	65426	65426	65481	65481	0	5	15	30	94	1
982259	0	12073	12073	6037	8221	0	5	15	29	93	0
982260	0	43088	43088	34652	30907	0	5	14	28	92	1
982261	0	8143	8143	36839	36839	0	2	4	51	67	0
983648	0	79	40	40	40	1	5	16	32	96	0
983649	0	65471	65503	65503	65503	1	5	16	31	95	1
983650	0	65490	65513	65513	65513	1	5	16	30	94	1
983651	0	3313	1657	1657	3705	1	5	16	29	93	0
983652	0	43078	21540	34647	30278	1	5	15	28	92	1
983653	0	3237	3237	34386	34386	0	2	4	51	67	0
997448	1	123	123	123	62	0	0	4	32	64	0
997449	1	65519	65519	65519	65527	0	0	4	31	63	1
997450	1	65498	65498	65498	65517	0	0	4	30	62	1
997451	1	27051	27051	27051	13526	0	0	4	29	61	1
1002152	1	39	39	39	20	0	0	4	32	64	0
1002153	1	65529	65529	65529	65532	0	0	4	31	63	1
1002154	1	65519	65519	65519	65527	0	0	4	30	62	1
1002155	1	32585	32585	32585	16293	0	0	4	29	61	1
1013648	1	47	47	47	24	0	0	4	32	64	0
1013649	1	65519	65519	65519	65527	0	0	4	31	63	1
1013650	1	65498	65498	65498	65517	0	0	4	30	62	1
1013651	1	27353	27353	27353	13677	0	0	4	29	61	0
1013652	1	41122	41122	41122	45137	0	0	4	28	60	1
1013653	1	56000	56000	56000	28001	0	0	3	27	59	0
1013654	1	40780	40780	40780	53158	0	0	3	26	58	0
1036064	1	19	19	19	10	0	0	1	24	24	0
1036065	1	65521	65521	65521	65528	0	0	1	23	23	1
1036066	1	65494	65494	65494	65515	0	0	1	22	22	1
1036067	1	4299	4299	4299	2150	0	0	1	21	21	0
1036068	1	63352	63352	63352	64444	0	0	1	20	20	1
1036069	1	8799	8799	8799	4400	0	0	1	19	19	0
1036070	1	839	839	839	420	0	0	1	18	18	0
1036071	1	65461	65461	65461	65498	0	0	1	17	17	1
1036072	1	17	17	17	9	0	0	1	16	16	0
1036073	1	65513	65513	65513	65524	0	0	1	15	15	1
1036074	1	65467	65467	65467	65501	0	0	1	14	14	1
1036075	1	273	273	273	137	0	0	1	13	13	0
1036076	1	1233	1233	1233	617	0	0	1	12	12	0
1036077	1	169	169	169	85	0	0	1	11	11	0
1036078	1	93	93	93	47	0	0	1	10	10	0
1036079	1	65535	65535	65535	65535	0	0	1	9	9	1
1036080	1	17	17	17	9	0	0	1	8	8	0
1036081	1	65513	65513	65513	65524	0	0	1	7	7	1
1036082	1	64360	64360	64360	64948	0	0	1	6	6	1
1036083	1	64718	64718	64718	65127	0	0	1	5	5	1
1036084	1	79	79	79	40	0	0	1	4	4	0
1036085	1	79	79	79	40	0	0	1	3	3	0
1036086	1	65486	65486	65486	65511	0	0	1	2	2	1
1036087	1	65474	65474	65474	65505	0	0	1	1	1	1
1048064	1	63	63	63	32	0	0	1	24	24	0
1048065	1	65531	65531	65531	65533	0	0	1	23	23	1
1048066	1	65521	65521	65521	65528	0	0	1	22	22	1
1048067	1	30581	30581	30581	15291	0	0	1	21	21	0
1048068	1	32013	32013	32013	48774	0	0	1	20	20	0
1056104	0	103	52	52	52	1	5	16	32	96	0
1056105	0	65521	65528	65528	65528	1	5	16	31	95	1
1056106	0	65507	65521	65521	65521	1	5	16	30	94	1
1056107	0	23391	11696	11696	13744	1	5	16	29	93	1
1056108	0	4699	4699	4699	35117	0	0	1	36	36	0
1073736	0	19	10	10	10	1	5	16	32	96	0
1073737	0	65529	65532	65532	65532	1	5	16	31	95	1
1073738	0	65525	65530	65530	65530	1	5	16	30	94	1
1073739	0	17559	8780	8780	10828	1	5	16	29	93	1
1073740	0	2455	2455	2455	33995	0	0	1	36	36	0
1075280	0	27	14	14	14	1	5	16	32	96	0
1075281	0	65484	65510	65510	65510	1	5	16	31	95	1
1075282	0	65513	65524	65524	65524	1	5	16	30	94	1
1075283	0	32866	16434	16434	18482	1	5	16	29	93	0
1075284	0	43674	21838	34945	30576	1	5	15	28	92	1
1075285	0	54430	54430	59983	59983	0	2	4	51	67	1
1075286	0	20719	20719	43127	34935	0	2	4	50	66	0
1075287	0	27739	27739	27739	46637	0	0	1	49	49	0
1075632	0	13	13	13	7	0	0	1	24	24	0
1075633	0	1499	1499	1499	33517	0	0	1	23	23	0
1075696	0	249	125	125	125	1	5	16	32	96	0
1075697	0	65521	65528	65528	65528	1	5	16	31	95	1
1075698	0	65513	65524	65524	65524	1	5	16	30	94	1
1075699	0	21795	10898	10898	12946	1	5	16	29	93	0
1075700	0	40946	20474	33581	29212	1	5	15	28	92	0
1075701	0	44534	55035	33190	25247	1	3	11	27	91	0
1075702	0	58778	58778	62157	55604	0	2	10	26	90	1
1075703	0	50458	50458	25230	25230	0	2	8	25	89	1
1080728	1	47	47	47	24	0	0	1	64	64	0
1080729	1	65376	65376	65376	65456	0	0	1	63	63	1
1080730	1	65438	65438	65438	65487	0	0	1	62	62	1
1080731	1	11623	11623	11623	5812	0	0	1	61	61	1
1090864	0	17	17	17	9	0	0	1	24	24	0
1090865	0	10447	10447	10447	37991	0	0	1	23	23	0
1093096	1	35	35	35	18	0	0	1	32	32	0
1093097	1	33084	33084	33084	49310	0	0	1	31	31	0
1094712	0	27	14	14	14	1	5	16	32	96	0
1094713	0	65515	65525	65525	65525	1	5	16	31	95	1
1094714	0	65521	65528	65528	65528	1	5	16	30	94	1
1094715	0	13273	6637	6637	8685	1	5	16	29	93	0
1094716	0	39278	19640	32747	28378	1	5	15	28	92	0
1094717	0	25147	45341	23496	15553	1	3	11	27	91	0
1094718	0	64942	64942	65239	58686	0	2	10	26	90	1
1094719	0	48458	48458	24230	24230	0	2	8	25	89	0
1094720	0	79	79	40	40	0	2	8	24	88	0
1094721	0	62678	62678	64107	64107	0	2	8	23	87	1
1094722	0	65486	65486	65511	65511	0	2	8	22	86	1
1094723	0	11581	11581	5791	5791	0	2	8	21	85	0
1094724	0	20077	20077	10039	10039	0	2	8	20	84	0
1094725	0	33854	33854	33312	29216	0	2	8	19	83	1
1094726	0	505	505	253	253	0	1	3	18	82	0
1094727	0	60966	60966	30484	52329	0	1	3	17	81	1
1094728	0	39	39	39	20	0	0	2	16	80	0
1094729	0	56774	56774	56774	61155	0	0	2	15	79	0
1094920	0	23	12	12	12	1	5	16	32	96	0
1094921	0	65529	65532	65532	65532	1	5	16	31	95	1
1094922	0	65525	65530	65530	65530	1	5	16	30	94	1
1094923	0	1631	816	816	2864	1	5	16	29	93	0
1094924	0	2119	1060	14167	9798	1	5	15	28	92	0
1094925	0	725	33130	11285	3342	1	3	11	27	91	0
1094926	0	65509	65509	65522	58969	0	2	10	26	90	1
1094927	0	95	95	48	48	0	2	8	25	89	0
1094928	0	41	41	21	21	0	2	8	24	88	0
1094929	0	65092	65092	65314	65314	0	2	8	23	87	1
1094930	0	65521	65521	65528	65528	0	2	8	22	86	1
1094931	0	281	281	141	141	0	2	8	21	85	0
1094932	0	303	303	152	152	0	2	8	20	84	0
1094933	0	65074	65074	48922	44826	0	2	8	19	83	1
1094934	0	13	13	7	7	0	1	3	18	82	0
1094935	0	65519	65519	32760	54605	0	1	3	17	81	1
1094936	0	17	17	17	9	0	0	2	16	80	0
1094937	0	3079	3079	3079	34307	0	0	2	15	79	0
1098760	1	15	15	15	8	0	0	1	40	40	0
1098761	1	52302	52302	52302	58919	0	0	1	39	39	0
1127400	0	35	18	18	18	1	6	13	32	96	0
1127401	0	65396	65466	65466	65466	1	6	13	31	95	1
1127402	0	65511	65523	65523	65523	1	6	13	30	94	1
1127403	0	1847	924	924	3445	1	6	13	29	93	0
1127404	0	1885	943	11865	11865	1	6	12	28	92	0
1127405	0	671	33103	8528	4432	1	4	8	27	91	0
1127406	0	65513	65513	65524	60843	0	3	7	26	90	1
1127407	0	259	259	130	130	0	3	6	25	89	0
1127408	0	67	67	34	34	0	3	6	24	88	0
1127409	0	64004	64004	64770	64770	0	3	6	23	87	1
1127410	0	65513	65513	65524	65524	0	3	6	22	86	1
1127411	0	1397	1397	699	699	0	3	6	21	85	0
1127412	0	1695	1695	848	848	0	3	6	20	84	0
1127413	0	53266	53266	48479	43018	0	3	6	19	83	1
1127414	0	29	29	15	15	0	2	3	18	82	0
1127415	0	65234	65234	49002	54463	0	2	3	17	81	1
1127416	0	167	167	84	84	0	1	2	16	80	0
1127417	0	26009	26009	45772	45772	0	1	2	15	79	0
1128768	0	19	10	10	10	1	6	13	32	96	0
1128769	0	65521	65528	65528	65528	1	6	13	31	95	1
1128770	0	65511	65523	65523	65523	1	6	13	30	94	1
1128771	0	397	199	199	2720	1	6	13	29	93	0
1128772	0	327	164	11086	11086	1	6	12	28	92	0
1128773	0	131	32833	8258	4162	1	4	8	27	91	0
1128774	0	65513	65513	65524	60843	0	3	7	26	90	1
1128775	0	31	31	16	16	0	3	6	25	89	0
1128776	0	89	89	45	45	0	3	6	24	88	0
1128777	0	65374	65374	65455	65455	0	3	6	23	87	1
1128778	0	65523	65523	65529	65529	0	3	6	22	86	1
1128779	0	27	27	14	14	0	3	6	21	85	0
1128780	0	53	53	27	27	0	3	6	20	84	0
1128781	0	65461	65461	54576	49115	0	3	6	19	83	1
1128782	0	21	21	11	11	0	2	3	18	82	0
1128783	0	65517	65517	49143	54604	0	2	3	17	81	1
1128784	0	25	25	13	13	0	1	2	16	80	0
1128785	0	299	299	32917	32917	0	1	2	15	79	0
1135600	0	11	11	6	6	0	1	1	24	24	0
1135601	0	87	87	32811	32811	0	1	1	23	23	0
1168936	1	11	11	11	6	0	0	1	24	24	0
1168937	1	65372	65372	65372	65454	0	0	1	23	23	1
1168938	1	65519	65519	65519	65527	0	0	1	22	22	1
1168939	1	65509	65509	65509	65522	0	0	1	21	21	1
1168940	1	15	15	15	8	0	0	1	20	20	0
1168941	1	65521	65521	65521	65528	0	0	1	19	19	1
1168942	1	13	13	13	7	0	0	1	18	18	0
1168943	1	65531	65531	65531	65533	0	0	1	17	17	1
1168944	1	9	9	9	5	0	0	1	16	16	0
1168945	1	65523	65523	65523	65529	0	0	1	15	15	1
1168946	1	65523	65523	65523	65529	0	0	1	14	14	1
1168947	1	23	23	23	12	0	0	1	13	13	0
1168948	1	65445	65445	65445	65490	0	0	1	12	12	1
1168949	1	65513	65513	65513	65524	0	0	1	11	11	1
1168950	1	65523	65523	65523	65529	0	0	1	10	10	1
1168951	1	65521	65521	65521	65528	0	0	1	9	9	1
1168952	1	19	19	19	10	0	0	1	8	8	0
1168953	1	65527	65527	65527	65531	0	0	1	7	7	1
1168954	1	65517	65517	65517	65526	0	0	1	6	6	1
1168955	1	65513	65513	65513	65524	0	0	1	5	5	1
1168956	1	23	23	23	12	0	0	1	4	4	0
1168957	1	65521	65521	65521	65528	0	0	1	3	3	1
1168958	1	11	11	11	6	0	0	1	2	2	0
1168959	1	21	21	21	11	0	0	1	1	1	0
1169024	1	15	15	15	8	0	0	1	24	24	0
1169025	1	65476	65476	65476	65506	0	0	1	23	23	1
1169026	1	65521	65521	65521	65528	0	0	1	22	22	1
1169027	1	65498	65498	65498	65517	0	0	1	21	21	1
1169028	1	15	15	15	8	0	0	1	20	20	0
1169029	1	65523	65523	65523	65529	0	0	1	19	19	1
1169030	1	15	15	15	8	0	0	1	18	18	0
1169031	1	65527	65527	65527	65531	0	0	1	17	17	1
1169032	1	13	13	13	7	0	0	1	16	16	0
1169033	1	65505	65505	65505	65520	0	0	1	15	15	1
1169034	1	65521	65521	65521	65528	0	0	1	14	14	1
1169035	1	45	45	45	23	0	0	1	13	13	0
1169036	1	65110	65110	65110	65323	0	0	1	12	12	1
1169037	1	65496	65496	65496	65516	0	0	1	11	11	1
1169038	1	65519	65519	65519	65527	0	0	1	10	10	1
1169039	1	65521	65521	65521	65528	0	0	1	9	9	1
1169040	1	23	23	23	12	0	0	1	8	8	0
1169041	1	65513	65513	65513	65524	0	0	1	7	7	1
1169042	1	65521	65521	65521	65528	0	0	1	6	6	1
1169043	1	65492	65492	65492	65514	0	0	1	5	5	1
1169044	1	25	25	25	13	0	0	1	4	4	0
1169045	1	65509	65509	65509	65522	0	0	1	3	3	1
1169046	1	15	15	15	8	0	0	1	2	2	0
1169047	1	41	41	41	21	0	0	1	1	1	0
