run_name,dataset_label,pair_count,group_label,eval_variant,eval_checkpoint,decode,external_bleu,indomain_bleu
baseline__facebook__nllb-200-distilled-600m__2026-03-10T014951Z,,,default,,,greedy,38.4519,59.4292
baseline__facebook__nllb-200-distilled-1.3b__2026-03-10T023424Z,,,final,final,,greedy,37.9870,58.8747
baseline__helsinki-nlp__opus-mt-es-en__2026-03-10T022943Z,,,final,final,,greedy,37.2022,58.5298
baseline__facebook__m2m100_1.2b__2026-03-10T025214Z,,,final,final,,greedy,36.8589,60.3346
baseline__helsinki-nlp__opus-mt-en-es__2026-03-10T020411Z,,,final,final,,greedy,35.6963,61.2861
baseline__google__translategemma-4b-it__2026-03-10T134941Z,,,final,final,,greedy,34.0474,45.5415
translategemma4b_es_en_gemma3_1b_stagea_goldgrid_rows1600_bf16_codexreplace05_pack06_defer_studentonly_v1,train_pairs.rows1600.normalized.jsonl,1600,stage_a__checkpoint-004000,stage_a,checkpoint-004000,greedy,33.7353,54.4500
translategemma4b_es_en_gemma3_1b_stagea_goldgrid_rows1600_bf16_codexreplace05_pack06_ckpt4000_lr5e6_1k_dense250_v1,train_pairs.rows1600.normalized.jsonl,1600,stage_a__checkpoint-000250,stage_a,checkpoint-000250,greedy,33.6283,54.2064
translategemma4b_es_en_gemma3_1b_stagea_goldgrid_rows1600_bf16_codexreplace05_pack06_ckpt4000_lr5e6_1k_dense250_v1,train_pairs.rows1600.normalized.jsonl,1600,stage_a__checkpoint-000750,stage_a,checkpoint-000750,greedy,33.5596,54.2740
translategemma4b_es_en_gemma3_1b_stagea_goldgrid_rows1600_bf16_codexreplace05_pack06_defer_studentonly_v1,train_pairs.rows1600.normalized.jsonl,1600,stage_a__checkpoint-003500,stage_a,checkpoint-003500,greedy,33.4022,54.6898
translategemma4b_es_en_gemma3_1b_stagea_goldgrid_rows1600_bf16_codexreplace05_pack06_ckpt4000_lr5e6_1k_dense250_v1,train_pairs.rows1600.normalized.jsonl,1600,stage_a__checkpoint-000500,stage_a,checkpoint-000500,greedy,33.3643,54.3043
translategemma4b_es_en_gemma3_1b_stagea_goldgrid_rows1600_bf16_codexreplace05_pack06_defer_studentonly_v1,train_pairs.rows1600.normalized.jsonl,1600,stage_a__checkpoint-003000,stage_a,checkpoint-003000,greedy,33.2716,54.5508
translategemma4b_es_en_gemma3_1b_stagea_goldgrid_rows1600_bf16_codexreplace05_pack06_ckpt4000_lr5e6_1k_dense250_v1,train_pairs.rows1600.normalized.jsonl,1600,stage_a__checkpoint-001000,stage_a,checkpoint-001000,greedy,33.2540,54.1300
translategemma4b_es_en_gemma3_1b_stagea_goldgrid_rows1600_bf16_codexreplace05_pack06_6k_dense500_defer_studentonly_v1,train_pairs.rows1600.normalized.jsonl,1600,stage_a__checkpoint-003000,stage_a,checkpoint-003000,greedy,33.2481,54.0575
translategemma4b_es_en_gemma3_1b_stagea_goldgrid_rows1600_bf16_codexreplace05_pack06_6k_dense500_defer_studentonly_v1,train_pairs.rows1600.normalized.jsonl,1600,stage_a__checkpoint-003500,stage_a,checkpoint-003500,greedy,33.2081,54.1295
translategemma4b_es_en_gemma3_1b_stagea_goldgrid_rows1600_bf16_codexreplace05_pack06_6k_dense500_defer_studentonly_v1,train_pairs.rows1600.normalized.jsonl,1600,stage_a__checkpoint-004500,stage_a,checkpoint-004500,greedy,33.1271,54.4878
translategemma4b_es_en_gemma3_1b_stagea_goldgrid_rows1600_bf16_codexreplace05_pack06_defer_studentonly_v1,train_pairs.rows1600.normalized.jsonl,1600,stage_a__checkpoint-002000,stage_a,checkpoint-002000,greedy,33.0678,53.1220
translategemma4b_es_en_gemma3_1b_stagea_goldgrid_rows1600_bf16_codexreplace05_pack06_defer_studentonly_v1,train_pairs.rows1600.normalized.jsonl,1600,stage_a__checkpoint-002500,stage_a,checkpoint-002500,greedy,33.0415,54.3705
translategemma4b_es_en_gemma3_1b_stagea_goldgrid_rows1600_bf16_codexreplace05_pack06_6k_dense500_defer_studentonly_v1,train_pairs.rows1600.normalized.jsonl,1600,stage_a__checkpoint-004000,stage_a,checkpoint-004000,greedy,32.9595,54.2246
translategemma4b_es_en_gemma3_1b_stagea_goldgrid_rows1600_bf16_codexreplace05_pack06_6k_dense500_defer_studentonly_v1,train_pairs.rows1600.normalized.jsonl,1600,stage_a__checkpoint-005500,stage_a,checkpoint-005500,greedy,32.9406,54.8321
translategemma4b_es_en_gemma3_1b_stagea_goldgrid_rows1568_bf16_codexlow_pack06_prune10_defer_studentonly_v2,train_pairs.rows1568.normalized.jsonl,1568,stage_a__checkpoint-003000,stage_a,checkpoint-003000,greedy,32.9055,54.8940
translategemma4b_es_en_gemma3_1b_stagea_goldgrid_rows1568_bf16_codexdense_pack06_prune10_seed42_500ckpts_v1,train_pairs.rows1568.normalized.jsonl,1568,stage_a__checkpoint-003000,stage_a,checkpoint-003000,greedy,32.9055,54.8940
translategemma4b_es_en_gemma3_1b_stagea_goldgrid_rows1584_bf16_codexprune05_pack06_defer_studentonly_v1,train_pairs.rows1584.normalized.jsonl,1584,stage_a__checkpoint-003500,stage_a,checkpoint-003500,greedy,32.8755,53.8487
translategemma4b_es_en_gemma3_1b_stagea_goldgrid_rows1600_bf16_codexreplace05_pack06_6k_dense500_defer_studentonly_v1,train_pairs.rows1600.normalized.jsonl,1600,stage_a__checkpoint-006000,stage_a,checkpoint-006000,greedy,32.8603,54.3076
translategemma4b_es_en_gemma3_1b_stagea_goldgrid_rows2240_bf16_confirm_best7,train_pairs.rows2240.merged.jsonl,2240,stage_a__checkpoint-002000,stage_a,checkpoint-002000,greedy,32.8224,52.5391
translategemma4b_es_en_gemma3_1b_stagea_goldgrid_rows1600_bf16_codexreplace05_pack06_6k_dense500_defer_studentonly_v1,train_pairs.rows1600.normalized.jsonl,1600,stage_a__checkpoint-005000,stage_a,checkpoint-005000,greedy,32.8143,54.8589
translategemma4b_es_en_gemma3_1b_stagea_goldgrid_rows1600_bf16_codexextend_pack06_replace10_6k_dense500_defer_studentonly_v1,train_pairs.rows1600.normalized.jsonl,1600,stage_a__checkpoint-004000,stage_a,checkpoint-004000,greedy,32.7297,55.5104
translategemma4b_es_en_gemma3_1b_stagea_goldgrid_rows1568_bf16_codexpolish_pack06_prune10_ckpt3000_lr5e6_v1,train_pairs.rows1568.normalized.jsonl,1568,stage_a__checkpoint-001000,stage_a,checkpoint-001000,greedy,32.7147,55.0160
translategemma4b_es_en_gemma3_1b_stagea_goldgrid_rows1920_bf16_20260311T212756Z,train_pairs.rows1920.merged.jsonl,1920,stage_a__checkpoint-004000,stage_a,checkpoint-004000,greedy,32.7139,54.9631
translategemma4b_es_en_gemma3_1b_stagea_goldgrid_rows1600_bf16_codexextend_pack06_replace10_6k_dense500_defer_studentonly_v1,train_pairs.rows1600.normalized.jsonl,1600,stage_a__checkpoint-005500,stage_a,checkpoint-005500,greedy,32.6880,55.3070
translategemma4b_es_en_gemma3_1b_stagea_goldgrid_rows1600_bf16_codexreplace05_pack06_6k_dense500_defer_studentonly_v1,train_pairs.rows1600.normalized.jsonl,1600,stage_a__checkpoint-002000,stage_a,checkpoint-002000,greedy,32.6866,53.0252
translategemma4b_es_en_gemma3_1b_stagea_goldgrid_rows1600_bf16_codexreplace05_pack06_defer_studentonly_v1,train_pairs.rows1600.normalized.jsonl,1600,stage_a__checkpoint-001500,stage_a,checkpoint-001500,greedy,32.6461,51.5057
translategemma4b_es_en_gemma3_1b_stagea_goldgrid_rows1600_bf16_codexextend_pack06_replace10_6k_dense500_defer_studentonly_v1,train_pairs.rows1600.normalized.jsonl,1600,stage_a__checkpoint-004500,stage_a,checkpoint-004500,greedy,32.6400,55.2459
translategemma4b_es_en_gemma3_1b_stagea_goldgrid_rows1568_bf16_codexdense_pack06_prune10_seed42_500ckpts_v1,train_pairs.rows1568.normalized.jsonl,1568,stage_a__checkpoint-002500,stage_a,checkpoint-002500,greedy,32.6157,54.5042
translategemma4b_es_en_gemma3_1b_stagea_goldgrid_rows1600_bf16_codexlow_pack06_replace10c_hfcacheauth_v1,frozen_best5.pack_06.replace10.compat.jsonl,1600,stage_a__checkpoint-004000,stage_a,checkpoint-004000,greedy,32.6083,53.9959
translategemma4b_es_en_gemma3_1b_stagea_goldgrid_rows1600_bf16_codexlow_pack06_replace10c_hfcacheauth_v1,frozen_best5.pack_06.replace10.compat.jsonl,1600,default,,,,32.6083,53.9959
translategemma4b_es_en_gemma3_1b_stagea_goldgrid_rows1600_bf16_codexlow_pack04_replace10_studentonly_v1,train_pairs.rows1600.normalized.jsonl,1600,stage_a__checkpoint-004000,stage_a,checkpoint-004000,greedy,32.5811,54.0417
translategemma4b_es_en_gemma3_1b_stagea_goldgrid_rows1600_bf16_codexlow_pack04_replace10_defer_studentonly_v1,train_pairs.rows1600.normalized.jsonl,1600,stage_a__checkpoint-004000,stage_a,checkpoint-004000,greedy,32.5811,54.0417
translategemma4b_es_en_gemma3_1b_stagea_goldgrid_rows1584_bf16_codexprune05_pack06_defer_studentonly_v1,train_pairs.rows1584.normalized.jsonl,1584,stage_a__checkpoint-004000,stage_a,checkpoint-004000,greedy,32.5808,53.6171
translategemma4b_es_en_gemma3_1b_stagea_goldgrid_rows1600_bf16_codexextend_pack06_replace10_6k_dense500_defer_studentonly_v1,train_pairs.rows1600.normalized.jsonl,1600,stage_a__checkpoint-005000,stage_a,checkpoint-005000,greedy,32.5703,55.4955
translategemma4b_es_en_gemma3_1b_stagea_goldgrid_rows1600_bf16_codexlow_pack06_replace10c_hfcacheauth_v1,frozen_best5.pack_06.replace10.compat.jsonl,1600,stage_a__checkpoint-003000,stage_a,checkpoint-003000,greedy,32.5674,54.3783
translategemma4b_es_en_gemma3_1b_stagea_goldgrid_rows1568_bf16_codexpolish_pack06_prune10_ckpt3000_lr5e6_v1,train_pairs.rows1568.normalized.jsonl,1568,stage_a__checkpoint-000750,stage_a,checkpoint-000750,greedy,32.5374,54.5121
translategemma4b_es_en_gemma3_1b_stagea_goldgrid_rows1600_bf16_codexextend_pack06_replace10_6k_dense500_defer_studentonly_v1,train_pairs.rows1600.normalized.jsonl,1600,stage_a__checkpoint-006000,stage_a,checkpoint-006000,greedy,32.5193,55.6218
translategemma4b_es_en_gemma3_1b_stagea_goldgrid_rows1568_bf16_codexpolish_pack06_prune10_ckpt3000_lr5e6_v1,train_pairs.rows1568.normalized.jsonl,1568,stage_a__checkpoint-000250,stage_a,checkpoint-000250,greedy,32.5040,54.8635
translategemma4b_es_en_gemma3_1b_stagea_goldgrid_rows1568_bf16_codexlow_pack04_prune10_studentonly_v1,train_pairs.rows1568.normalized.jsonl,1568,stage_a__checkpoint-004000,stage_a,checkpoint-004000,greedy,32.4720,54.0130
translategemma4b_es_en_gemma3_1b_stagea_goldgrid_rows1568_bf16_codexpolish_pack06_prune10_ckpt3000_lr5e6_v1,train_pairs.rows1568.normalized.jsonl,1568,stage_a__checkpoint-000500,stage_a,checkpoint-000500,greedy,32.4609,54.6283
translategemma4b_es_en_gemma3_1b_stagea_goldgrid_rows1568_bf16_codexdense_pack06_prune10_seed42_500ckpts_v1,train_pairs.rows1568.normalized.jsonl,1568,stage_a__checkpoint-003500,stage_a,checkpoint-003500,greedy,32.4571,55.2261
translategemma4b_es_en_gemma3_1b_stagea_goldgrid_rows1920_bf16_20260311T233133Z,train_pairs.rows1920.merged.jsonl,1920,stage_a__checkpoint-004000,stage_a,checkpoint-004000,greedy,32.4566,55.9867
translategemma4b_es_en_gemma3_1b_stagea_goldgrid_rows1920_bf16_20260311T025326Z,train_pairs.rows1920.merged.jsonl,1920,stage_a__checkpoint-004000,stage_a,checkpoint-004000,greedy,32.4485,53.0189
translategemma4b_es_en_gemma3_1b_stagea_goldgrid_rows1600_bf16_codexreplace05_pack06_6k_dense500_defer_studentonly_v1,train_pairs.rows1600.normalized.jsonl,1600,stage_a__checkpoint-002500,stage_a,checkpoint-002500,greedy,32.4301,55.5306
translategemma4b_es_en_gemma3_1b_stagea_goldgrid_rows1920_bf16_20260311T180127Z,train_pairs.rows1920.merged.jsonl,1920,stage_a__checkpoint-004000,stage_a,checkpoint-004000,greedy,32.4032,53.2763
translategemma4b_es_en_gemma3_1b_stagea_goldgrid_rows1600_bf16_codexextend_pack06_replace10_6k_dense500_defer_studentonly_v1,train_pairs.rows1600.normalized.jsonl,1600,stage_a__checkpoint-003500,stage_a,checkpoint-003500,greedy,32.3473,55.4758
translategemma4b_es_en_gemma3_1b_stagea_goldgrid_rows2240_bf16_confirm_best7,train_pairs.rows2240.merged.jsonl,2240,stage_a__checkpoint-004000,stage_a,checkpoint-004000,greedy,32.3424,52.9706
translategemma4b_es_en_gemma3_1b_stagea_goldgrid_rows1568_bf16_codexlow_pack06_random10_defer_studentonly_v1,train_pairs.rows1568.normalized.jsonl,1568,stage_a__checkpoint-004000,stage_a,checkpoint-004000,greedy,32.3319,53.7752
translategemma4b_es_en_gemma3_1b_stagea_goldgrid_rows1584_bf16_codexprune05_pack06_defer_studentonly_v1,train_pairs.rows1584.normalized.jsonl,1584,stage_a__checkpoint-003000,stage_a,checkpoint-003000,greedy,32.3108,54.1297
translategemma4b_es_en_gemma3_1b_stagea_goldgrid_rows1568_bf16_codexlow_pack04_random10_defer_studentonly_v1,train_pairs.rows1568.normalized.jsonl,1568,stage_a__checkpoint-004000,stage_a,checkpoint-004000,greedy,32.3030,55.4039
translategemma4b_es_en_gemma3_1b_stagea_goldgrid_rows1584_bf16_codexprune05_pack06_defer_studentonly_v1,train_pairs.rows1584.normalized.jsonl,1584,stage_a__checkpoint-002000,stage_a,checkpoint-002000,greedy,32.2663,53.0232
translategemma4b_es_en_gemma3_1b_stagea_goldgrid_rows1600_bf16_codexlow_pack04_replace10_studentonly_v1,train_pairs.rows1600.normalized.jsonl,1600,stage_a__checkpoint-003000,stage_a,checkpoint-003000,greedy,32.2489,53.8952
translategemma4b_es_en_gemma3_1b_stagea_goldgrid_rows1600_bf16_codexlow_pack04_replace10_defer_studentonly_v1,train_pairs.rows1600.normalized.jsonl,1600,stage_a__checkpoint-003000,stage_a,checkpoint-003000,greedy,32.2489,53.8952
translategemma4b_es_en_gemma3_1b_stagea_goldgrid_rows1920_bf16_codexblend_pack06r10_pack08_v1,train_pairs.rows1920.merged.jsonl,1920,stage_a__checkpoint-002000,stage_a,checkpoint-002000,greedy,32.2180,52.8574
translategemma4b_es_en_gemma3_1b_stagea_goldgrid_rows1920_bf16_20260311T200534Z,train_pairs.rows1920.merged.jsonl,1920,stage_a__checkpoint-002000,stage_a,checkpoint-002000,greedy,32.2113,54.3861
translategemma4b_es_en_gemma3_1b_stagea_goldgrid_rows1920_bf16_20260311T192425Z,train_pairs.rows1920.merged.jsonl,1920,stage_a__checkpoint-002000,stage_a,checkpoint-002000,greedy,32.1940,52.7203
translategemma4b_es_en_gemma3_1b_stagea_goldgrid_rows1600_bf16_codexlow_pack06_replace10c_hfcacheauth_v1,frozen_best5.pack_06.replace10.compat.jsonl,1600,stage_a__checkpoint-002000,stage_a,checkpoint-002000,greedy,32.1507,53.7327
translategemma4b_es_en_gemma3_1b_stagea_goldgrid_rows1568_bf16_codexlow_pack04_random10_defer_studentonly_v1,train_pairs.rows1568.normalized.jsonl,1568,stage_a__checkpoint-003000,stage_a,checkpoint-003000,greedy,32.1481,55.5626
translategemma4b_es_en_gemma3_1b_stagea_goldgrid_rows1584_bf16_codexprune05_pack06_defer_studentonly_v1,train_pairs.rows1584.normalized.jsonl,1584,stage_a__checkpoint-002500,stage_a,checkpoint-002500,greedy,32.1175,53.6874
translategemma4b_es_en_gemma3_1b_stagea_goldgrid_rows1568_bf16_codexlow_pack06_prune10_defer_studentonly_v2,train_pairs.rows1568.normalized.jsonl,1568,stage_a__checkpoint-002000,stage_a,checkpoint-002000,greedy,32.1052,53.1370
translategemma4b_es_en_gemma3_1b_stagea_goldgrid_rows1568_bf16_codexdense_pack06_prune10_seed42_500ckpts_v1,train_pairs.rows1568.normalized.jsonl,1568,stage_a__checkpoint-002000,stage_a,checkpoint-002000,greedy,32.1052,53.1370
translategemma4b_es_en_gemma3_1b_stagea_goldgrid_rows1568_bf16_codexlow_pack06_prune10_defer_studentonly_v2,train_pairs.rows1568.normalized.jsonl,1568,stage_a__checkpoint-004000,stage_a,checkpoint-004000,greedy,32.0768,54.8306
translategemma4b_es_en_gemma3_1b_stagea_goldgrid_rows1568_bf16_codexdense_pack06_prune10_seed42_500ckpts_v1,train_pairs.rows1568.normalized.jsonl,1568,stage_a__checkpoint-004000,stage_a,checkpoint-004000,greedy,32.0768,54.8306
translategemma4b_es_en_gemma3_1b_stagea_goldgrid_rows1568_bf16_codexlow_pack04_prune10_studentonly_v1,train_pairs.rows1568.normalized.jsonl,1568,stage_a__checkpoint-001000,stage_a,checkpoint-001000,greedy,32.0321,53.7705
translategemma4b_es_en_gemma3_1b_stagea_goldgrid_rows1568_bf16_codexlow_pack04_prune10_studentonly_v1,train_pairs.rows1568.normalized.jsonl,1568,stage_a__checkpoint-003000,stage_a,checkpoint-003000,greedy,32.0262,53.8786
translategemma4b_es_en_gemma3_1b_stagea_goldgrid_rows1568_bf16_codexlow_pack04_random10_defer_studentonly_v1,train_pairs.rows1568.normalized.jsonl,1568,stage_a__checkpoint-002000,stage_a,checkpoint-002000,greedy,32.0233,55.9294
translategemma4b_es_en_gemma3_1b_stagea_goldgrid_rows1920_bf16_20260311T062002Z,train_pairs.rows1920.merged.jsonl,1920,stage_a__checkpoint-004000,stage_a,checkpoint-004000,greedy,32.0130,55.3247
translategemma4b_es_en_gemma3_1b_stagea_goldgrid_rows1568_bf16_codexdense_pack06_prune10_seed42_500ckpts_v1,train_pairs.rows1568.normalized.jsonl,1568,stage_a__checkpoint-001500,stage_a,checkpoint-001500,greedy,31.9809,51.4450
translategemma4b_es_en_gemma3_1b_stagea_goldgrid_rows1920_bf16_20260310T212318Z,train_pairs.rows1920.merged.jsonl,1920,stage_a__checkpoint-004000,stage_a,checkpoint-004000,greedy,31.9598,54.6568
translategemma4b_es_en_gemma3_1b_stagea_goldgrid_rows1280_bf16_confirm_best4,train_pairs.rows1280.merged.jsonl,1280,stage_a__checkpoint-004000,stage_a,checkpoint-004000,greedy,31.9541,52.5660
translategemma4b_es_en_gemma3_1b_stagea_goldgrid_rows1584_bf16_codexprune05_pack06_defer_studentonly_v1,train_pairs.rows1584.normalized.jsonl,1584,stage_a__checkpoint-001500,stage_a,checkpoint-001500,greedy,31.9492,51.4231
translategemma4b_es_en_gemma3_1b_stagea_goldgrid_rows1920_bf16_20260310T224540Z,train_pairs.rows1920.merged.jsonl,1920,stage_a__checkpoint-004000,stage_a,checkpoint-004000,greedy,31.8923,55.3129
translategemma4b_es_en_gemma3_1b_stagea_goldgrid_rows1920_bf16_20260311T025326Z,train_pairs.rows1920.merged.jsonl,1920,stage_a__checkpoint-002000,stage_a,checkpoint-002000,greedy,31.8819,53.8880
translategemma4b_es_en_gemma3_1b_stagea_goldgrid_rows1920_bf16_20260310T232655Z,train_pairs.rows1920.merged.jsonl,1920,stage_a__checkpoint-004000,stage_a,checkpoint-004000,greedy,31.8746,54.1434
translategemma4b_es_en_gemma3_1b_stagea_goldgrid_rows1568_bf16_codexseed7_pack06_prune10_defer_studentonly_v1,train_pairs.rows1568.normalized.jsonl,1568,stage_a__checkpoint-004000,stage_a,checkpoint-004000,greedy,31.8697,53.9366
translategemma4b_es_en_gemma3_1b_stagea_goldgrid_rows1920_bf16_20260311T212756Z,train_pairs.rows1920.merged.jsonl,1920,stage_a__checkpoint-002000,stage_a,checkpoint-002000,greedy,31.8692,54.9282
translategemma4b_es_en_gemma3_1b_stagea_goldgrid_rows1920_bf16_20260311T004931Z,train_pairs.rows1920.merged.jsonl,1920,stage_a__checkpoint-002000,stage_a,checkpoint-002000,greedy,31.8592,50.7787
translategemma4b_es_en_gemma3_1b_stagea_goldgrid_rows1600_bf16_codexlow_pack04_replace10_studentonly_v1,train_pairs.rows1600.normalized.jsonl,1600,stage_a__checkpoint-002000,stage_a,checkpoint-002000,greedy,31.8522,53.3348
translategemma4b_es_en_gemma3_1b_stagea_goldgrid_rows1600_bf16_codexlow_pack04_replace10_defer_studentonly_v1,train_pairs.rows1600.normalized.jsonl,1600,stage_a__checkpoint-002000,stage_a,checkpoint-002000,greedy,31.8522,53.3348
translategemma4b_es_en_gemma3_1b_stagea_goldgrid_rows1600_bf16_codexextend_pack06_replace10_6k_dense500_defer_studentonly_v1,train_pairs.rows1600.normalized.jsonl,1600,stage_a__checkpoint-002000,stage_a,checkpoint-002000,greedy,31.8419,52.9727
translategemma4b_es_en_gemma3_1b_stagea_goldgrid_rows1568_bf16_codexseed7_pack06_prune10_defer_studentonly_v1,train_pairs.rows1568.normalized.jsonl,1568,stage_a__checkpoint-003000,stage_a,checkpoint-003000,greedy,31.8133,54.4194
translategemma4b_es_en_gemma3_1b_stagea_goldgrid_rows1568_bf16_codexlow_pack06_random10_defer_studentonly_v1,train_pairs.rows1568.normalized.jsonl,1568,stage_a__checkpoint-002000,stage_a,checkpoint-002000,greedy,31.7656,54.8620
translategemma4b_es_en_gemma3_1b_stagea_goldgrid_rows1600_bf16_codexreplace05_pack06_defer_studentonly_v1,train_pairs.rows1600.normalized.jsonl,1600,stage_a__checkpoint-001000,stage_a,checkpoint-001000,greedy,31.6930,51.7432
translategemma4b_es_en_gemma3_1b_stagea_goldgrid_rows1568_bf16_codexlow_pack06_random10_defer_studentonly_v1,train_pairs.rows1568.normalized.jsonl,1568,stage_a__checkpoint-003000,stage_a,checkpoint-003000,greedy,31.6900,53.6045
translategemma4b_es_en_gemma3_1b_stagea_goldgrid_rows1600_bf16_codexextend_pack06_replace10_6k_dense500_defer_studentonly_v1,train_pairs.rows1600.normalized.jsonl,1600,stage_a__checkpoint-003000,stage_a,checkpoint-003000,greedy,31.6740,56.0748
translategemma4b_es_en_gemma3_1b_stagea_goldgrid_rows1920_bf16_codexblend_pack06r10_pack08_v1,train_pairs.rows1920.merged.jsonl,1920,stage_a__checkpoint-004000,stage_a,checkpoint-004000,greedy,31.6237,54.1449
translategemma4b_es_en_gemma3_1b_stagea_goldgrid_rows1920_bf16_codexblend_pack06r10_pack08_v1,train_pairs.rows1920.merged.jsonl,1920,stage_a__checkpoint-003000,stage_a,checkpoint-003000,greedy,31.5986,53.4517
translategemma4b_es_en_gemma3_1b_stagea_goldgrid_rows1568_bf16_codexseed7_pack06_prune10_defer_studentonly_v1,train_pairs.rows1568.normalized.jsonl,1568,stage_a__checkpoint-001000,stage_a,checkpoint-001000,greedy,31.5913,53.3759
translategemma4b_es_en_gemma3_1b_stagea_goldgrid_rows1920_bf16_20260310T224540Z,train_pairs.rows1920.merged.jsonl,1920,stage_a__checkpoint-002000,stage_a,checkpoint-002000,greedy,31.5806,56.2174
translategemma4b_es_en_gemma3_1b_stagea_goldgrid_rows1920_bf16_20260311T200534Z,train_pairs.rows1920.merged.jsonl,1920,stage_a__checkpoint-004000,stage_a,checkpoint-004000,greedy,31.5741,55.0938
translategemma4b_es_en_gemma3_1b_stagea_goldgrid_rows1920_bf16_20260311T225020Z,train_pairs.rows1920.merged.jsonl,1920,stage_a__checkpoint-004000,stage_a,checkpoint-004000,greedy,31.5726,56.0758
translategemma4b_es_en_gemma3_1b_stagea_goldgrid_rows1920_bf16_20260311T070121Z,train_pairs.rows1920.merged.jsonl,1920,stage_a__checkpoint-004000,stage_a,checkpoint-004000,greedy,31.5262,54.4294
translategemma4b_es_en_gemma3_1b_stagea_goldgrid_rows1920_bf16_20260311T033442Z,train_pairs.rows1920.merged.jsonl,1920,stage_a__checkpoint-004000,stage_a,checkpoint-004000,greedy,31.5088,54.3753
translategemma4b_es_en_gemma3_1b_stagea_goldgrid_rows1920_bf16_20260311T013050Z,train_pairs.rows1920.merged.jsonl,1920,stage_a__checkpoint-004000,stage_a,checkpoint-004000,greedy,31.4725,55.3885
translategemma4b_es_en_gemma3_1b_stagea_goldgrid_rows1920_bf16_20260311T013050Z,train_pairs.rows1920.merged.jsonl,1920,stage_a__checkpoint-002000,stage_a,checkpoint-002000,greedy,31.4675,54.8681
translategemma4b_es_en_gemma3_1b_stagea_goldgrid_rows1920_bf16_20260311T004931Z,train_pairs.rows1920.merged.jsonl,1920,stage_a__checkpoint-004000,stage_a,checkpoint-004000,greedy,31.4576,53.0721
translategemma4b_es_en_gemma3_1b_stagea_goldgrid_rows1920_bf16_20260311T062002Z,train_pairs.rows1920.merged.jsonl,1920,stage_a__checkpoint-002000,stage_a,checkpoint-002000,greedy,31.4556,55.0694
translategemma4b_es_en_gemma3_1b_stagea_goldgrid_rows1920_bf16_20260311T192425Z,train_pairs.rows1920.merged.jsonl,1920,stage_a__checkpoint-004000,stage_a,checkpoint-004000,greedy,31.4156,54.4935
translategemma4b_es_en_gemma3_1b_stagea_goldgrid_rows1920_bf16_20260311T225020Z,train_pairs.rows1920.merged.jsonl,1920,stage_a__checkpoint-002000,stage_a,checkpoint-002000,greedy,31.4076,54.6121
translategemma4b_es_en_gemma3_1b_stagea_goldgrid_rows1920_bf16_20260311T045717Z,train_pairs.rows1920.merged.jsonl,1920,stage_a__checkpoint-002000,stage_a,checkpoint-002000,greedy,31.3818,53.3306
translategemma4b_es_en_gemma3_1b_stagea_goldgrid_rows1920_bf16_20260311T220906Z,train_pairs.rows1920.merged.jsonl,1920,stage_a__checkpoint-004000,stage_a,checkpoint-004000,greedy,31.3516,53.6478
translategemma4b_es_en_gemma3_1b_stagea_goldgrid_rows1920_bf16_20260311T180127Z,train_pairs.rows1920.merged.jsonl,1920,stage_a__checkpoint-002000,stage_a,checkpoint-002000,greedy,31.3512,53.3460
translategemma4b_es_en_gemma3_1b_stagea_goldgrid_rows1920_bf16_20260311T021203Z,train_pairs.rows1920.merged.jsonl,1920,stage_a__checkpoint-004000,stage_a,checkpoint-004000,greedy,31.2679,55.0978
translategemma4b_es_en_gemma3_1b_stagea_goldgrid_rows1920_bf16_20260311T000816Z,train_pairs.rows1920.merged.jsonl,1920,stage_a__checkpoint-002000,stage_a,checkpoint-002000,greedy,31.2658,53.8396
translategemma4b_es_en_gemma3_1b_stagea_goldgrid_rows1568_bf16_codexseed7_pack06_prune10_defer_studentonly_v1,train_pairs.rows1568.normalized.jsonl,1568,stage_a__checkpoint-002000,stage_a,checkpoint-002000,greedy,31.2568,54.8510
translategemma4b_es_en_gemma3_1b_stagea_goldgrid_rows1920_bf16_20260310T212318Z,train_pairs.rows1920.merged.jsonl,1920,stage_a__checkpoint-002000,stage_a,checkpoint-002000,greedy,31.2176,54.8412
translategemma4b_es_en_gemma3_1b_stagea_goldgrid_rows1920_bf16_20260310T220428Z,train_pairs.rows1920.merged.jsonl,1920,stage_a__checkpoint-004000,stage_a,checkpoint-004000,greedy,31.1961,55.0061
translategemma4b_es_en_gemma3_1b_stagea_goldgrid_rows1920_bf16_20260310T192822Z,train_pairs.rows1920.merged.jsonl,1920,stage_a__checkpoint-002000,stage_a,checkpoint-002000,greedy,31.1363,52.9668
translategemma4b_es_en_gemma3_1b_stagea_goldgrid_rows1584_bf16_codexprune05_pack06_defer_studentonly_v1,train_pairs.rows1584.normalized.jsonl,1584,stage_a__checkpoint-001000,stage_a,checkpoint-001000,greedy,31.1291,51.4466
translategemma4b_es_en_gemma3_1b_stagea_goldgrid_rows1920_bf16_20260311T204640Z,train_pairs.rows1920.merged.jsonl,1920,stage_a__checkpoint-004000,stage_a,checkpoint-004000,greedy,31.1040,53.7266
translategemma4b_es_en_gemma3_1b_stagea_goldgrid_rows1920_bf16_20260310T203554Z,train_pairs.rows1920.merged.jsonl,1920,stage_a__checkpoint-004000,stage_a,checkpoint-004000,greedy,31.0910,53.5193
translategemma4b_es_en_gemma3_1b_stagea_goldgrid_rows1568_bf16_codexlow_pack04_prune10_studentonly_v1,train_pairs.rows1568.normalized.jsonl,1568,stage_a__checkpoint-002000,stage_a,checkpoint-002000,greedy,31.0819,54.0721
translategemma4b_es_en_gemma3_1b_stagea_goldgrid_rows1920_bf16_20260311T220906Z,train_pairs.rows1920.merged.jsonl,1920,stage_a__checkpoint-002000,stage_a,checkpoint-002000,greedy,31.0275,52.2658
translategemma4b_es_en_gemma3_1b_stagea_goldgrid_rows1920_bf16_20260311T033442Z,train_pairs.rows1920.merged.jsonl,1920,stage_a__checkpoint-002000,stage_a,checkpoint-002000,greedy,31.0208,55.5242
translategemma4b_es_en_gemma3_1b_stagea_goldgrid_rows1920_bf16_20260310T192822Z,train_pairs.rows1920.merged.jsonl,1920,stage_a__checkpoint-004000,stage_a,checkpoint-004000,greedy,31.0039,53.6107
translategemma4b_es_en_gemma3_1b_stagea_goldgrid_rows1568_bf16_codexlow_pack06_random10_defer_studentonly_v1,train_pairs.rows1568.normalized.jsonl,1568,stage_a__checkpoint-001000,stage_a,checkpoint-001000,greedy,30.9817,50.7135
translategemma4b_es_en_gemma3_1b_stagea_goldgrid_rows1920_bf16_20260311T041600Z,train_pairs.rows1920.merged.jsonl,1920,stage_a__checkpoint-004000,stage_a,checkpoint-004000,greedy,30.9738,53.6174
translategemma4b_es_en_gemma3_1b_stagea_goldgrid_rows1920_bf16_20260311T021203Z,train_pairs.rows1920.merged.jsonl,1920,stage_a__checkpoint-002000,stage_a,checkpoint-002000,greedy,30.9203,53.5783
translategemma4b_es_en_gemma3_1b_stagea_goldgrid_rows1920_bf16_20260311T041600Z,train_pairs.rows1920.merged.jsonl,1920,stage_a__checkpoint-002000,stage_a,checkpoint-002000,greedy,30.9031,54.4095
translategemma4b_es_en_gemma3_1b_stagea_goldgrid_rows1600_bf16_codexlow_pack04_replace10_studentonly_v1,train_pairs.rows1600.normalized.jsonl,1600,stage_a__checkpoint-001000,stage_a,checkpoint-001000,greedy,30.8992,53.4706
translategemma4b_es_en_gemma3_1b_stagea_goldgrid_rows1600_bf16_codexlow_pack04_replace10_defer_studentonly_v1,train_pairs.rows1600.normalized.jsonl,1600,stage_a__checkpoint-001000,stage_a,checkpoint-001000,greedy,30.8992,53.4706
translategemma4b_es_en_gemma3_1b_stagea_goldgrid_rows1584_bf16_codexprune05_pack06_defer_studentonly_v1,train_pairs.rows1584.normalized.jsonl,1584,stage_a__checkpoint-000500,stage_a,checkpoint-000500,greedy,30.8518,49.4667
translategemma4b_es_en_gemma3_1b_stagea_goldgrid_rows1568_bf16_codexlow_pack04_random10_defer_studentonly_v1,train_pairs.rows1568.normalized.jsonl,1568,stage_a__checkpoint-001000,stage_a,checkpoint-001000,greedy,30.8410,53.6515
translategemma4b_es_en_gemma3_1b_stagea_goldgrid_rows1600_bf16_codexextend_pack06_replace10_6k_dense500_defer_studentonly_v1,train_pairs.rows1600.normalized.jsonl,1600,stage_a__checkpoint-002500,stage_a,checkpoint-002500,greedy,30.8399,56.2462
translategemma4b_es_en_gemma3_1b_stagea_goldgrid_rows1920_bf16_20260311T070121Z,train_pairs.rows1920.merged.jsonl,1920,stage_a__checkpoint-002000,stage_a,checkpoint-002000,greedy,30.8342,54.2158
translategemma4b_es_en_gemma3_1b_stagea_goldgrid_rows1568_bf16_codexlow_pack06_prune10_defer_studentonly_v2,train_pairs.rows1568.normalized.jsonl,1568,stage_a__checkpoint-001000,stage_a,checkpoint-001000,greedy,30.8198,51.0253
translategemma4b_es_en_gemma3_1b_stagea_goldgrid_rows1568_bf16_codexdense_pack06_prune10_seed42_500ckpts_v1,train_pairs.rows1568.normalized.jsonl,1568,stage_a__checkpoint-001000,stage_a,checkpoint-001000,greedy,30.8198,51.0253
translategemma4b_es_en_gemma3_1b_stagea_goldgrid_rows1600_bf16_codexextend_pack06_replace10_6k_dense500_defer_studentonly_v1,train_pairs.rows1600.normalized.jsonl,1600,stage_a__checkpoint-001000,stage_a,checkpoint-001000,greedy,30.7777,52.0395
translategemma4b_es_en_gemma3_1b_stagea_goldgrid_rows1600_bf16_codexlow_pack06_replace10c_hfcacheauth_v1,frozen_best5.pack_06.replace10.compat.jsonl,1600,stage_a__checkpoint-001000,stage_a,checkpoint-001000,greedy,30.7339,51.1898
translategemma4b_es_en_gemma3_1b_stagea_goldgrid_rows1920_bf16_20260311T233133Z,train_pairs.rows1920.merged.jsonl,1920,stage_a__checkpoint-002000,stage_a,checkpoint-002000,greedy,30.7102,55.2411
translategemma4b_es_en_gemma3_1b_stagea_goldgrid_rows1600_bf16_codexreplace05_pack06_6k_dense500_defer_studentonly_v1,train_pairs.rows1600.normalized.jsonl,1600,stage_a__checkpoint-001500,stage_a,checkpoint-001500,greedy,30.7036,50.5056
translategemma4b_es_en_gemma3_1b_stagea_goldgrid_rows1280_bf16_confirm_best4,train_pairs.rows1280.merged.jsonl,1280,stage_a__checkpoint-002000,stage_a,checkpoint-002000,greedy,30.6878,52.6659
translategemma4b_es_en_gemma3_1b_stagea_goldgrid_rows1920_bf16_20260310T220428Z,train_pairs.rows1920.merged.jsonl,1920,stage_a__checkpoint-002000,stage_a,checkpoint-002000,greedy,30.6605,54.1942
translategemma4b_es_en_gemma3_1b_stagea_goldgrid_rows1920_bf16_20260311T000816Z,train_pairs.rows1920.merged.jsonl,1920,stage_a__checkpoint-004000,stage_a,checkpoint-004000,greedy,30.6412,54.1700
translategemma4b_es_en_gemma3_1b_stagea_goldgrid_rows1920_bf16_20260311T053842Z,train_pairs.rows1920.merged.jsonl,1920,stage_a__checkpoint-004000,stage_a,checkpoint-004000,greedy,30.5940,54.2923
translategemma4b_es_en_gemma3_1b_stagea_goldgrid_rows1920_bf16_codexblend_pack06r10_pack08_v1,train_pairs.rows1920.merged.jsonl,1920,stage_a__checkpoint-001000,stage_a,checkpoint-001000,greedy,30.5462,49.2213
translategemma4b_es_en_gemma3_1b_stagea_goldgrid_rows1920_bf16_20260311T204640Z,train_pairs.rows1920.merged.jsonl,1920,stage_a__checkpoint-002000,stage_a,checkpoint-002000,greedy,30.5448,53.2477
translategemma4b_es_en_gemma3_1b_stagea_goldgrid_rows1920_bf16_20260311T053842Z,train_pairs.rows1920.merged.jsonl,1920,stage_a__checkpoint-002000,stage_a,checkpoint-002000,greedy,30.5309,55.0401
translategemma4b_es_en_gemma3_1b_stagea_goldgrid_rows1600_bf16_codexreplace05_pack06_6k_dense500_defer_studentonly_v1,train_pairs.rows1600.normalized.jsonl,1600,stage_a__checkpoint-001000,stage_a,checkpoint-001000,greedy,30.3155,48.9831
translategemma4b_es_en_gemma3_1b_stagea_goldgrid_rows1920_bf16_20260310T232655Z,train_pairs.rows1920.merged.jsonl,1920,stage_a__checkpoint-002000,stage_a,checkpoint-002000,greedy,30.3129,54.6398
translategemma4b_es_en_gemma3_1b_stagea_goldgrid_rows1920_bf16_20260310T203554Z,train_pairs.rows1920.merged.jsonl,1920,stage_a__checkpoint-002000,stage_a,checkpoint-002000,greedy,30.2975,53.4297
translategemma4b_es_en_gemma3_1b_stagea_goldgrid_rows1600_bf16_codexextend_pack06_replace10_6k_dense500_defer_studentonly_v1,train_pairs.rows1600.normalized.jsonl,1600,stage_a__checkpoint-001500,stage_a,checkpoint-001500,greedy,30.0878,49.4465
translategemma4b_es_en_gemma3_1b_stagea_goldgrid_rows1920_bf16_20260311T045717Z,train_pairs.rows1920.merged.jsonl,1920,stage_a__checkpoint-004000,stage_a,checkpoint-004000,greedy,29.8863,54.1583
translategemma4b_es_en_gemma3_1b_stagea_goldgrid_rows1600_bf16_codexreplace05_pack06_6k_dense500_defer_studentonly_v1,train_pairs.rows1600.normalized.jsonl,1600,stage_a__checkpoint-000500,stage_a,checkpoint-000500,greedy,29.7101,47.2662
translategemma4b_es_en_gemma3_1b_stagea_goldgrid_rows1600_bf16_codexreplace05_pack06_defer_studentonly_v1,train_pairs.rows1600.normalized.jsonl,1600,stage_a__checkpoint-000500,stage_a,checkpoint-000500,greedy,29.5577,45.9923
translategemma4b_es_en_gemma3_1b_stagea_goldgrid_rows1600_bf16_codexextend_pack06_replace10_6k_dense500_defer_studentonly_v1,train_pairs.rows1600.normalized.jsonl,1600,stage_a__checkpoint-000500,stage_a,checkpoint-000500,greedy,29.1564,44.8426
translategemma4b_es_en_gemma3_1b_stagea_goldgrid_rows1568_bf16_codexdense_pack06_prune10_seed42_500ckpts_v1,train_pairs.rows1568.normalized.jsonl,1568,stage_a__checkpoint-000500,stage_a,checkpoint-000500,greedy,28.8084,46.0998
translategemma4b_es_en_gemma3_1b_stagea_goldgrid_rows1920_bf16_20260310T013436Z,train_pairs.rows1920.merged.jsonl,1920,stage_a__checkpoint-004000,stage_a,checkpoint-004000,greedy,28.4786,51.7370
translategemma4b_es_en_gemma3_1b_stagea_goldgrid_rows2560_bf16_20260309T195639Z,train_pairs.rows2560.merged.jsonl,2560,stage_a__checkpoint-004000,stage_a,checkpoint-004000,greedy,27.9709,48.7948
translategemma4b_es_en_gemma3_1b_stagea_goldgrid_rows2560_bf16_20260309T195639Z,train_pairs.rows2560.merged.jsonl,2560,stage_a__checkpoint-006000,stage_a,checkpoint-006000,greedy,27.7776,48.5998
translategemma4b_es_en_gemma3_1b_stagea_goldgrid_rows1920_bf16_20260310T001204Z,train_pairs.rows1920.merged.jsonl,1920,stage_a__checkpoint-002000,stage_a,checkpoint-002000,greedy,27.6770,47.8638
translategemma4b_es_en_gemma3_1b_stagea_goldgrid_rows1920_bf16_20260310T005321Z,train_pairs.rows1920.merged.jsonl,1920,stage_a__checkpoint-004000,stage_a,checkpoint-004000,greedy,27.6477,45.8440
translategemma4b_es_en_gemma3_1b_full_train1280_20260303_114100,Gold Legacy 1280,1280,teacher4b,teacher4b,,greedy,27.5437,39.2681
translategemma4b_es_en_gemma3_1b_stagea_goldgrid_rows1280_bf16_20260309T185602Z,Gold Legacy 1280,1280,stage_a__checkpoint-006000,stage_a,checkpoint-006000,greedy,27.4061,47.3852
translategemma4b_es_en_gemma3_1b_stagea_goldgrid_rows1280_bf16_20260309T185602Z,Gold Legacy 1280,1280,stage_a__checkpoint-002000,stage_a,checkpoint-002000,greedy,27.2349,46.6153
translategemma4b_es_en_gemma3_1b_stagea_goldgrid_rows1280_bf16_20260309T185602Z,Gold Legacy 1280,1280,stage_a__checkpoint-004000,stage_a,checkpoint-004000,greedy,27.2071,47.1364
translategemma4b_es_en_gemma3_1b_stagea_goldgrid_rows1280_bf16_20260308T164813Z,Gold Legacy 1280,1280,stage_a__checkpoint-004000,stage_a,checkpoint-004000,greedy,27.1978,48.7992
translategemma4b_es_en_gemma3_1b_stagea_goldgrid_rows1280_bf16_20260308T164813Z,Gold Legacy 1280,1280,stage_a__checkpoint-008000,stage_a,checkpoint-008000,greedy,27.1562,47.9571
translategemma4b_es_en_gemma3_1b_stagea_goldgrid_rows2560_bf16_20260309T195639Z,train_pairs.rows2560.merged.jsonl,2560,stage_a__checkpoint-002000,stage_a,checkpoint-002000,greedy,27.1509,44.6716
translategemma4b_es_en_gemma3_1b_stagea_goldgrid_rows2560_bf16_20260309T022454Z,,,stage_a__checkpoint-001500,stage_a,checkpoint-001500,greedy,27.1233,43.7387
translategemma4b_es_en_gemma3_1b_stagea_goldgrid_rows1280_bf16_20260308T164813Z,Gold Legacy 1280,1280,stage_a__checkpoint-002000,stage_a,checkpoint-002000,greedy,27.0143,47.2797
translategemma4b_es_en_gemma3_1b_stagea_goldgrid_rows1280_bf16_20260308T164813Z,Gold Legacy 1280,1280,stage_a__checkpoint-006000,stage_a,checkpoint-006000,greedy,26.9558,48.2256
translategemma4b_es_en_gemma3_1b_stagea_goldgrid_rows1920_bf16_20260310T001204Z,train_pairs.rows1920.merged.jsonl,1920,stage_a__checkpoint-004000,stage_a,checkpoint-004000,greedy,26.8830,46.5402
translategemma4b_es_en_gemma3_1b_full_train1280_20260303_114100,Gold Legacy 1280,1280,stage_a__checkpoint-032000,stage_a,checkpoint-032000,sampled,26.8719,46.2854
translategemma4b_es_en_gemma3_1b_stagea_goldlegacy1280_bf16_20260307T231031Z,Gold Legacy 1280,1280,stage_a__checkpoint-008000,stage_a,checkpoint-008000,greedy,26.4766,47.6425
translategemma4b_es_en_gemma3_1b_full_train1280_20260303_114100,Gold Legacy 1280,1280,stage_a__checkpoint-032000,stage_a,checkpoint-032000,greedy,26.3488,46.9378
translategemma4b_es_en_gemma3_1b_stagea_goldgrid_rows1920_bf16_20260310T005321Z,train_pairs.rows1920.merged.jsonl,1920,stage_a__checkpoint-002000,stage_a,checkpoint-002000,greedy,26.2465,46.5905
translategemma4b_es_en_gemma3_1b_stagea_goldgrid_rows1920_bf16_20260308T164813Z,gold_quality_4x640.train_3x640.jsonl,1920,stage_a__checkpoint-002000,stage_a,checkpoint-002000,greedy,26.0284,47.9813
translategemma4b_es_en_gemma3_1b_stagea_goldlegacy1280_bf16_20260307T231031Z,Gold Legacy 1280,1280,stage_a__checkpoint-016000,stage_a,checkpoint-016000,greedy,25.9958,47.4291
translategemma4b_es_en_gemma3_1b_stagea_goldlegacy1280_bf16_20260307T231031Z,Gold Legacy 1280,1280,stage_a__checkpoint-032000,stage_a,checkpoint-032000,greedy,25.9377,47.3434
translategemma4b_es_en_gemma3_1b_stagea_goldlegacy1280_bf16_20260307T231031Z,Gold Legacy 1280,1280,stage_a__checkpoint-024000,stage_a,checkpoint-024000,greedy,25.7862,47.4261
translategemma4b_es_en_gemma3_1b_stagea_goldgrid_rows1920_bf16_20260308T164813Z,gold_quality_4x640.train_3x640.jsonl,1920,stage_a__checkpoint-006000,stage_a,checkpoint-006000,greedy,25.4584,46.8090
translategemma4b_es_en_gemma3_1b_stagea_goldgrid_rows1920_bf16_20260308T164813Z,gold_quality_4x640.train_3x640.jsonl,1920,stage_a__checkpoint-008000,stage_a,checkpoint-008000,greedy,25.1820,46.7597
translategemma4b_es_en_gemma3_1b_stagea_goldgrid_rows1920_bf16_20260310T013436Z,train_pairs.rows1920.merged.jsonl,1920,stage_a__checkpoint-002000,stage_a,checkpoint-002000,greedy,24.8029,52.7402
translategemma4b_es_en_gemma3_1b_stagea_goldgrid_rows1920_bf16_20260308T164813Z,gold_quality_4x640.train_3x640.jsonl,1920,stage_a__checkpoint-004000,stage_a,checkpoint-004000,greedy,24.7623,46.3742
baseline__google__translategemma-4b-it__2026-03-10T014945Z,,,default,,,greedy,22.6563,35.6382
translategemma4b_es_en_gemma3_1b_full_train1280_20260303_114100,Gold Legacy 1280,1280,final,final,,sampled,7.9262,19.3169
translategemma4b_es_en_gemma3_1b_full_train17532_real1b_20260305_210210,Merged Full 17532,17532,stage_b__checkpoint-002000,stage_b,checkpoint-002000,greedy,7.9159,87.3266
translategemma4b_es_en_gemma3_1b_full_train17532_real1b_20260305_210210,Merged Full 17532,17532,stage_a__checkpoint-012000,stage_a,checkpoint-012000,greedy,7.0652,86.5173
translategemma4b_es_en_gemma3_1b_full_train1280_20260303_114100,Gold Legacy 1280,1280,final,final,,greedy,6.5945,18.7825
translategemma4b_es_en_gemma3_1b_full_train17532_real1b_20260305_210210,Merged Full 17532,17532,stage_a__checkpoint-032000,stage_a,checkpoint-032000,greedy,6.4642,87.4218
translategemma4b_es_en_gemma3_1b_full_train17532_real1b_20260305_210210,Merged Full 17532,17532,stage_a__checkpoint-022000,stage_a,checkpoint-022000,greedy,5.6350,87.1698
baseline__google__gemma-3-1b-it__2026-03-10T135924Z,,,final,final,,greedy,0.0315,0.9504
baseline__google__gemma-3-1b-it__2026-03-10T020400Z,,,final,final,,greedy,0.0285,1.2862
