run_name,eval_set,pairs,eval_dir,is_baseline,display_name,model_role,student_bleu,student_chrf,teacher_bleu,teacher_chrf,delta_bleu,delta_chrf,student_model,teacher_model,eval_samples,compare_summary_path,en_es_bleu,en_es_chrf,en_es_comet,en_es_sample_count,es_en_bleu,es_en_chrf,es_en_comet,es_en_sample_count,total_sample_count,execution_mode,arch,comet_available,quality_tier,params
baseline__facebook__nllb-200-distilled-600m__2026-03-10T014951Z,external_wmt13_en_es_translation_benchmark_128,projects/distillation/translation/training_data/translate_distill_pairs.eval2_wmt13_enes_128.jsonl,eval2_external__greedy,true,NLLB 200 Distilled 600M,baseline,38.4519,63.2696,,,,,facebook/nllb-200-distilled-600M,,128,projects/distillation/translation/runs/baseline__facebook__nllb-200-distilled-600m__2026-03-10T014951Z/eval2_external__greedy/compare_eval_summary.json,37.0228,61.6690,,64.0000,38.0987,65.2004,,64.0000,128.0000,seq2seq,nllb_seq2seq,false,2,600M
baseline__facebook__nllb-200-distilled-1.3b__2026-03-10T023424Z,external_wmt13_en_es_translation_benchmark_128,projects/distillation/translation/training_data/translate_distill_pairs.eval2_wmt13_enes_128.jsonl,baseline_checkpoint_sweep_greedy/eval2_external__final__greedy,true,NLLB 200 Distilled 1.3B,baseline,37.9870,62.9284,,,,,facebook/nllb-200-distilled-1.3B,,128,projects/distillation/translation/runs/baseline__facebook__nllb-200-distilled-1.3b__2026-03-10T023424Z/baseline_checkpoint_sweep_greedy/eval2_external__final__greedy/compare_eval_summary.json,36.0834,61.5609,,64.0000,39.7129,64.5943,,64.0000,128.0000,seq2seq,nllb_seq2seq,false,1,1.3B
baseline__helsinki-nlp__opus-mt-es-en__2026-03-10T022943Z,external_wmt13_en_es_translation_benchmark_128,projects/distillation/translation/training_data/translate_distill_pairs.eval2_wmt13_enes_128.jsonl,baseline_checkpoint_sweep_greedy/eval2_external__final__greedy,true,OPUS MT ES-EN,baseline,37.2022,65.1621,,,,,Helsinki-NLP/opus-mt-es-en,,64,projects/distillation/translation/runs/baseline__helsinki-nlp__opus-mt-es-en__2026-03-10T022943Z/baseline_checkpoint_sweep_greedy/eval2_external__final__greedy/compare_eval_summary.json,,,,,37.2022,65.1621,,64.0000,64.0000,seq2seq,marian_seq2seq,false,3,74M
baseline__facebook__m2m100_1.2b__2026-03-10T025214Z,external_wmt13_en_es_translation_benchmark_128,projects/distillation/translation/training_data/translate_distill_pairs.eval2_wmt13_enes_128.jsonl,baseline_checkpoint_sweep_greedy/eval2_external__final__greedy,true,M2M100 1.2B,baseline,36.8589,61.7235,,,,,facebook/m2m100_1.2B,,128,projects/distillation/translation/runs/baseline__facebook__m2m100_1.2b__2026-03-10T025214Z/baseline_checkpoint_sweep_greedy/eval2_external__final__greedy/compare_eval_summary.json,34.1159,59.4015,,64.0000,36.9357,64.5058,,64.0000,128.0000,seq2seq,m2m100_seq2seq,false,2,1.2B
baseline__helsinki-nlp__opus-mt-en-es__2026-03-10T020411Z,external_wmt13_en_es_translation_benchmark_128,projects/distillation/translation/training_data/translate_distill_pairs.eval2_wmt13_enes_128.jsonl,baseline_checkpoint_sweep_greedy/eval2_external__final__greedy,true,OPUS MT EN-ES,baseline,35.6963,61.7223,,,,,Helsinki-NLP/opus-mt-en-es,,64,projects/distillation/translation/runs/baseline__helsinki-nlp__opus-mt-en-es__2026-03-10T020411Z/baseline_checkpoint_sweep_greedy/eval2_external__final__greedy/compare_eval_summary.json,35.6963,61.7223,,64.0000,,,,,64.0000,seq2seq,marian_seq2seq,false,3,74M
translategemma4b_es_en_gemma3_1b_stagea_goldgrid_rows2560_bf16_20260309T195639Z,external_wmt13_en_es_translation_benchmark_128,projects/distillation/translation/training_data/translate_distill_pairs.eval2_wmt13_enes_128.jsonl,stage_a_checkpoint_sweep_greedy/eval2_external__checkpoint-004000__greedy,false,,student,27.9709,57.9468,27.5437,59.3547,0.4273,-1.4078,projects/distillation/translation/runs/translategemma4b_es_en_gemma3_1b_stagea_goldgrid_rows2560_bf16_20260309T195639Z/stage_a/checkpoint-004000,/home/x/.cache/huggingface/hub/models--google--translategemma-4b-it/snapshots/10042cb0e6e7fdce748996a71dc3dc432a4e0c89,128,projects/distillation/translation/runs/translategemma4b_es_en_gemma3_1b_stagea_goldgrid_rows2560_bf16_20260309T195639Z/stage_a_checkpoint_sweep_greedy/eval2_external__checkpoint-004000__greedy/compare_eval_summary.json,,,,,,,,,,,,,,
translategemma4b_es_en_gemma3_1b_stagea_goldgrid_rows2560_bf16_20260309T195639Z,external_wmt13_en_es_translation_benchmark_128,projects/distillation/translation/training_data/translate_distill_pairs.eval2_wmt13_enes_128.jsonl,stage_a_checkpoint_sweep_greedy/eval2_external__checkpoint-006000__greedy,false,,student,27.7776,57.8237,27.5437,59.3547,0.2340,-1.5309,projects/distillation/translation/runs/translategemma4b_es_en_gemma3_1b_stagea_goldgrid_rows2560_bf16_20260309T195639Z/stage_a/checkpoint-006000,/home/x/.cache/huggingface/hub/models--google--translategemma-4b-it/snapshots/10042cb0e6e7fdce748996a71dc3dc432a4e0c89,128,projects/distillation/translation/runs/translategemma4b_es_en_gemma3_1b_stagea_goldgrid_rows2560_bf16_20260309T195639Z/stage_a_checkpoint_sweep_greedy/eval2_external__checkpoint-006000__greedy/compare_eval_summary.json,,,,,,,,,,,,,,
translategemma4b_es_en_gemma3_1b_stagea_goldgrid_rows1920_bf16_20260310T001204Z,external_wmt13_en_es_translation_benchmark_128,projects/distillation/translation/training_data/translate_distill_pairs.eval2_wmt13_enes_128.jsonl,stage_a_checkpoint_sweep_greedy/eval2_external__checkpoint-002000__greedy,false,,student,27.6770,57.5271,27.5437,59.3547,0.1333,-1.8276,projects/distillation/translation/runs/translategemma4b_es_en_gemma3_1b_stagea_goldgrid_rows1920_bf16_20260310T001204Z/stage_a/checkpoint-002000,/home/x/.cache/huggingface/hub/models--google--translategemma-4b-it/snapshots/10042cb0e6e7fdce748996a71dc3dc432a4e0c89,128,projects/distillation/translation/runs/translategemma4b_es_en_gemma3_1b_stagea_goldgrid_rows1920_bf16_20260310T001204Z/stage_a_checkpoint_sweep_greedy/eval2_external__checkpoint-002000__greedy/compare_eval_summary.json,,,,,,,,,,,,,,
translategemma4b_es_en_gemma3_1b_stagea_goldgrid_rows1920_bf16_20260310T005321Z,external_wmt13_en_es_translation_benchmark_128,projects/distillation/translation/training_data/translate_distill_pairs.eval2_wmt13_enes_128.jsonl,stage_a_checkpoint_sweep_greedy/eval2_external__checkpoint-004001__greedy,false,,student,27.6477,57.7483,27.5437,59.3547,0.1041,-1.6064,projects/distillation/translation/runs/translategemma4b_es_en_gemma3_1b_stagea_goldgrid_rows1920_bf16_20260310T005321Z/stage_a/checkpoint-004001,/home/x/.cache/huggingface/hub/models--google--translategemma-4b-it/snapshots/10042cb0e6e7fdce748996a71dc3dc432a4e0c89,128,projects/distillation/translation/runs/translategemma4b_es_en_gemma3_1b_stagea_goldgrid_rows1920_bf16_20260310T005321Z/stage_a_checkpoint_sweep_greedy/eval2_external__checkpoint-004001__greedy/compare_eval_summary.json,27.0265,56.4591,,64.0000,28.2789,59.2904,,64.0000,128.0000,causal-chat,gemma_causal_lm,false,,
translategemma4b_es_en_gemma3_1b_full_train1280_20260303_114100,external_wmt13_en_es_translation_benchmark_128,projects/distillation/translation/training_data/translate_distill_pairs.eval2_wmt13_enes_128.jsonl,ablation_stage_decode_20260304_094102/eval2_external__teacher4b__greedy,false,,teacher_baseline,27.5437,59.3547,,,,,/home/x/.cache/huggingface/hub/models--google--translategemma-4b-it/snapshots/10042cb0e6e7fdce748996a71dc3dc432a4e0c89,,128,projects/distillation/translation/runs/translategemma4b_es_en_gemma3_1b_full_train1280_20260303_114100/ablation_stage_decode_20260304_094102/eval2_external__teacher4b__greedy/compare_eval_summary.json,,,,,,,,,,,,,,
translategemma4b_es_en_gemma3_1b_stagea_goldgrid_rows1280_bf16_20260309T185602Z,external_wmt13_en_es_translation_benchmark_128,projects/distillation/translation/training_data/translate_distill_pairs.eval2_wmt13_enes_128.jsonl,stage_a_checkpoint_sweep_greedy/eval2_external__checkpoint-006000__greedy,false,,student,27.4061,57.1701,27.5437,59.3547,-0.1375,-2.1845,projects/distillation/translation/runs/translategemma4b_es_en_gemma3_1b_stagea_goldgrid_rows1280_bf16_20260309T185602Z/stage_a/checkpoint-006000,/home/x/.cache/huggingface/hub/models--google--translategemma-4b-it/snapshots/10042cb0e6e7fdce748996a71dc3dc432a4e0c89,128,projects/distillation/translation/runs/translategemma4b_es_en_gemma3_1b_stagea_goldgrid_rows1280_bf16_20260309T185602Z/stage_a_checkpoint_sweep_greedy/eval2_external__checkpoint-006000__greedy/compare_eval_summary.json,,,,,,,,,,,,,,
translategemma4b_es_en_gemma3_1b_stagea_goldgrid_rows1280_bf16_20260309T185602Z,external_wmt13_en_es_translation_benchmark_128,projects/distillation/translation/training_data/translate_distill_pairs.eval2_wmt13_enes_128.jsonl,stage_a_checkpoint_sweep_greedy/eval2_external__checkpoint-002000__greedy,false,,student,27.2349,57.1826,27.5437,59.3547,-0.3088,-2.1721,projects/distillation/translation/runs/translategemma4b_es_en_gemma3_1b_stagea_goldgrid_rows1280_bf16_20260309T185602Z/stage_a/checkpoint-002000,/home/x/.cache/huggingface/hub/models--google--translategemma-4b-it/snapshots/10042cb0e6e7fdce748996a71dc3dc432a4e0c89,128,projects/distillation/translation/runs/translategemma4b_es_en_gemma3_1b_stagea_goldgrid_rows1280_bf16_20260309T185602Z/stage_a_checkpoint_sweep_greedy/eval2_external__checkpoint-002000__greedy/compare_eval_summary.json,,,,,,,,,,,,,,
translategemma4b_es_en_gemma3_1b_stagea_goldgrid_rows1280_bf16_20260309T185602Z,external_wmt13_en_es_translation_benchmark_128,projects/distillation/translation/training_data/translate_distill_pairs.eval2_wmt13_enes_128.jsonl,stage_a_checkpoint_sweep_greedy/eval2_external__checkpoint-004000__greedy,false,,student,27.2071,56.9757,27.5437,59.3547,-0.3366,-2.3790,projects/distillation/translation/runs/translategemma4b_es_en_gemma3_1b_stagea_goldgrid_rows1280_bf16_20260309T185602Z/stage_a/checkpoint-004000,/home/x/.cache/huggingface/hub/models--google--translategemma-4b-it/snapshots/10042cb0e6e7fdce748996a71dc3dc432a4e0c89,128,projects/distillation/translation/runs/translategemma4b_es_en_gemma3_1b_stagea_goldgrid_rows1280_bf16_20260309T185602Z/stage_a_checkpoint_sweep_greedy/eval2_external__checkpoint-004000__greedy/compare_eval_summary.json,,,,,,,,,,,,,,
translategemma4b_es_en_gemma3_1b_stagea_goldgrid_rows1280_bf16_20260308T164813Z,external_wmt13_en_es_translation_benchmark_128,projects/distillation/translation/training_data/translate_distill_pairs.eval2_wmt13_enes_128.jsonl,stage_a_checkpoint_sweep_greedy/eval2_external__checkpoint-004000__greedy,false,,student,27.1978,57.2337,27.5437,59.3547,-0.3459,-2.1209,projects/distillation/translation/runs/translategemma4b_es_en_gemma3_1b_stagea_goldgrid_rows1280_bf16_20260308T164813Z/stage_a/checkpoint-004000,/home/x/.cache/huggingface/hub/models--google--translategemma-4b-it/snapshots/10042cb0e6e7fdce748996a71dc3dc432a4e0c89,128,projects/distillation/translation/runs/translategemma4b_es_en_gemma3_1b_stagea_goldgrid_rows1280_bf16_20260308T164813Z/stage_a_checkpoint_sweep_greedy/eval2_external__checkpoint-004000__greedy/compare_eval_summary.json,,,,,,,,,,,,,,
translategemma4b_es_en_gemma3_1b_stagea_goldgrid_rows1280_bf16_20260308T164813Z,external_wmt13_en_es_translation_benchmark_128,projects/distillation/translation/training_data/translate_distill_pairs.eval2_wmt13_enes_128.jsonl,stage_a_checkpoint_sweep_greedy/eval2_external__checkpoint-008000__greedy,false,,student,27.1562,57.0173,27.5437,59.3547,-0.3875,-2.3374,projects/distillation/translation/runs/translategemma4b_es_en_gemma3_1b_stagea_goldgrid_rows1280_bf16_20260308T164813Z/stage_a/checkpoint-008000,/home/x/.cache/huggingface/hub/models--google--translategemma-4b-it/snapshots/10042cb0e6e7fdce748996a71dc3dc432a4e0c89,128,projects/distillation/translation/runs/translategemma4b_es_en_gemma3_1b_stagea_goldgrid_rows1280_bf16_20260308T164813Z/stage_a_checkpoint_sweep_greedy/eval2_external__checkpoint-008000__greedy/compare_eval_summary.json,,,,,,,,,,,,,,
translategemma4b_es_en_gemma3_1b_stagea_goldgrid_rows2560_bf16_20260309T195639Z,external_wmt13_en_es_translation_benchmark_128,projects/distillation/translation/training_data/translate_distill_pairs.eval2_wmt13_enes_128.jsonl,stage_a_checkpoint_sweep_greedy/eval2_external__checkpoint-002000__greedy,false,,student,27.1509,57.5913,27.5437,59.3547,-0.3927,-1.7634,projects/distillation/translation/runs/translategemma4b_es_en_gemma3_1b_stagea_goldgrid_rows2560_bf16_20260309T195639Z/stage_a/checkpoint-002000,/home/x/.cache/huggingface/hub/models--google--translategemma-4b-it/snapshots/10042cb0e6e7fdce748996a71dc3dc432a4e0c89,128,projects/distillation/translation/runs/translategemma4b_es_en_gemma3_1b_stagea_goldgrid_rows2560_bf16_20260309T195639Z/stage_a_checkpoint_sweep_greedy/eval2_external__checkpoint-002000__greedy/compare_eval_summary.json,,,,,,,,,,,,,,
translategemma4b_es_en_gemma3_1b_stagea_goldgrid_rows2560_bf16_20260309T022454Z,external_wmt13_en_es_translation_benchmark_128,projects/distillation/translation/training_data/translate_distill_pairs.eval2_wmt13_enes_128.jsonl,stage_a_checkpoint_sweep_greedy/eval2_external__checkpoint-001500__greedy,false,,student,27.1233,57.0740,27.5437,59.3547,-0.4204,-2.2806,projects/distillation/translation/runs/translategemma4b_es_en_gemma3_1b_stagea_goldgrid_rows2560_bf16_20260309T022454Z/stage_a/checkpoint-001500,/home/x/.cache/huggingface/hub/models--google--translategemma-4b-it/snapshots/10042cb0e6e7fdce748996a71dc3dc432a4e0c89,128,projects/distillation/translation/runs/translategemma4b_es_en_gemma3_1b_stagea_goldgrid_rows2560_bf16_20260309T022454Z/stage_a_checkpoint_sweep_greedy/eval2_external__checkpoint-001500__greedy/compare_eval_summary.json,,,,,,,,,,,,,,
translategemma4b_es_en_gemma3_1b_stagea_goldgrid_rows1280_bf16_20260308T164813Z,external_wmt13_en_es_translation_benchmark_128,projects/distillation/translation/training_data/translate_distill_pairs.eval2_wmt13_enes_128.jsonl,stage_a_checkpoint_sweep_greedy/eval2_external__checkpoint-002000__greedy,false,,student,27.0143,56.5292,27.5437,59.3547,-0.5294,-2.8255,projects/distillation/translation/runs/translategemma4b_es_en_gemma3_1b_stagea_goldgrid_rows1280_bf16_20260308T164813Z/stage_a/checkpoint-002000,/home/x/.cache/huggingface/hub/models--google--translategemma-4b-it/snapshots/10042cb0e6e7fdce748996a71dc3dc432a4e0c89,128,projects/distillation/translation/runs/translategemma4b_es_en_gemma3_1b_stagea_goldgrid_rows1280_bf16_20260308T164813Z/stage_a_checkpoint_sweep_greedy/eval2_external__checkpoint-002000__greedy/compare_eval_summary.json,,,,,,,,,,,,,,
translategemma4b_es_en_gemma3_1b_stagea_goldgrid_rows1280_bf16_20260308T164813Z,external_wmt13_en_es_translation_benchmark_128,projects/distillation/translation/training_data/translate_distill_pairs.eval2_wmt13_enes_128.jsonl,stage_a_checkpoint_sweep_greedy/eval2_external__checkpoint-006000__greedy,false,,student,26.9558,57.1979,27.5437,59.3547,-0.5878,-2.1568,projects/distillation/translation/runs/translategemma4b_es_en_gemma3_1b_stagea_goldgrid_rows1280_bf16_20260308T164813Z/stage_a/checkpoint-006000,/home/x/.cache/huggingface/hub/models--google--translategemma-4b-it/snapshots/10042cb0e6e7fdce748996a71dc3dc432a4e0c89,128,projects/distillation/translation/runs/translategemma4b_es_en_gemma3_1b_stagea_goldgrid_rows1280_bf16_20260308T164813Z/stage_a_checkpoint_sweep_greedy/eval2_external__checkpoint-006000__greedy/compare_eval_summary.json,,,,,,,,,,,,,,
translategemma4b_es_en_gemma3_1b_stagea_goldgrid_rows1920_bf16_20260310T001204Z,external_wmt13_en_es_translation_benchmark_128,projects/distillation/translation/training_data/translate_distill_pairs.eval2_wmt13_enes_128.jsonl,stage_a_checkpoint_sweep_greedy/eval2_external__checkpoint-004001__greedy,false,,student,26.8830,57.4844,27.5437,59.3547,-0.6607,-1.8703,projects/distillation/translation/runs/translategemma4b_es_en_gemma3_1b_stagea_goldgrid_rows1920_bf16_20260310T001204Z/stage_a/checkpoint-004001,/home/x/.cache/huggingface/hub/models--google--translategemma-4b-it/snapshots/10042cb0e6e7fdce748996a71dc3dc432a4e0c89,128,projects/distillation/translation/runs/translategemma4b_es_en_gemma3_1b_stagea_goldgrid_rows1920_bf16_20260310T001204Z/stage_a_checkpoint_sweep_greedy/eval2_external__checkpoint-004001__greedy/compare_eval_summary.json,,,,,,,,,,,,,,
translategemma4b_es_en_gemma3_1b_full_train1280_20260303_114100,external_wmt13_en_es_translation_benchmark_128,projects/distillation/translation/training_data/translate_distill_pairs.eval2_wmt13_enes_128.jsonl,ablation_stage_decode_20260304_094102/eval2_external__stage_a32__sampled,false,,student,26.8719,57.0090,,,,,projects/distillation/translation/runs/translategemma4b_es_en_gemma3_1b_full_20260303_114100/stage_a/checkpoint-032000,,128,projects/distillation/translation/runs/translategemma4b_es_en_gemma3_1b_full_train1280_20260303_114100/ablation_stage_decode_20260304_094102/eval2_external__stage_a32__sampled/compare_eval_summary.json,,,,,,,,,,,,,,
translategemma4b_es_en_gemma3_1b_full_train1280_20260303_114100,external_wmt13_en_es_translation_benchmark_128,projects/distillation/translation/training_data/translate_distill_pairs.eval2_wmt13_enes_128.jsonl,ablation_stage_decode_20260304_094102/eval2_external__stage_a8__greedy,false,,student,26.8327,56.7330,,,,,projects/distillation/translation/runs/translategemma4b_es_en_gemma3_1b_full_train1280_20260303_114100/stage_a/checkpoint-008000,,128,projects/distillation/translation/runs/translategemma4b_es_en_gemma3_1b_full_train1280_20260303_114100/ablation_stage_decode_20260304_094102/eval2_external__stage_a8__greedy/compare_eval_summary.json,,,,,,,,,,,,,,
translategemma4b_es_en_gemma3_1b_stagea_goldlegacy1280_bf16_20260307T231031Z,external_wmt13_en_es_translation_benchmark_128,projects/distillation/translation/training_data/translate_distill_pairs.eval2_wmt13_enes_128.jsonl,stage_a_checkpoint_sweep_greedy/eval2_external__checkpoint-008000__greedy,false,,student,26.4766,56.7615,,,,,projects/distillation/translation/runs/translategemma4b_es_en_gemma3_1b_stagea_goldlegacy1280_bf16_20260307T231031Z/stage_a/checkpoint-008000,,128,projects/distillation/translation/runs/translategemma4b_es_en_gemma3_1b_stagea_goldlegacy1280_bf16_20260307T231031Z/stage_a_checkpoint_sweep_greedy/eval2_external__checkpoint-008000__greedy/compare_eval_summary.json,,,,,,,,,,,,,,
translategemma4b_es_en_gemma3_1b_full_train1280_20260303_114100,external_wmt13_en_es_translation_benchmark_128,projects/distillation/translation/training_data/translate_distill_pairs.eval2_wmt13_enes_128.jsonl,ablation_stage_decode_20260304_094102/eval2_external__stage_a24__greedy,false,,student,26.4599,56.7285,,,,,projects/distillation/translation/runs/translategemma4b_es_en_gemma3_1b_full_train1280_20260303_114100/stage_a/checkpoint-024000,,128,projects/distillation/translation/runs/translategemma4b_es_en_gemma3_1b_full_train1280_20260303_114100/ablation_stage_decode_20260304_094102/eval2_external__stage_a24__greedy/compare_eval_summary.json,,,,,,,,,,,,,,
translategemma4b_es_en_gemma3_1b_full_train1280_20260303_114100,external_wmt13_en_es_translation_benchmark_128,projects/distillation/translation/training_data/translate_distill_pairs.eval2_wmt13_enes_128.jsonl,ablation_stage_decode_20260304_094102/eval2_external__stage_a16__greedy,false,,student,26.4151,56.7315,,,,,projects/distillation/translation/runs/translategemma4b_es_en_gemma3_1b_full_train1280_20260303_114100/stage_a/checkpoint-016000,,128,projects/distillation/translation/runs/translategemma4b_es_en_gemma3_1b_full_train1280_20260303_114100/ablation_stage_decode_20260304_094102/eval2_external__stage_a16__greedy/compare_eval_summary.json,,,,,,,,,,,,,,
translategemma4b_es_en_gemma3_1b_full_train1280_20260303_114100,external_wmt13_en_es_translation_benchmark_128,projects/distillation/translation/training_data/translate_distill_pairs.eval2_wmt13_enes_128.jsonl,ablation_stage_decode_20260304_094102/eval2_external__stage_a32__greedy,false,,student,26.3488,56.7732,,,,,projects/distillation/translation/runs/translategemma4b_es_en_gemma3_1b_full_20260303_114100/stage_a/checkpoint-032000,,128,projects/distillation/translation/runs/translategemma4b_es_en_gemma3_1b_full_train1280_20260303_114100/ablation_stage_decode_20260304_094102/eval2_external__stage_a32__greedy/compare_eval_summary.json,,,,,,,,,,,,,,
translategemma4b_es_en_gemma3_1b_stagea_goldgrid_rows1920_bf16_20260310T005321Z,external_wmt13_en_es_translation_benchmark_128,projects/distillation/translation/training_data/translate_distill_pairs.eval2_wmt13_enes_128.jsonl,stage_a_checkpoint_sweep_greedy/eval2_external__checkpoint-002000__greedy,false,,student,26.2465,56.1884,27.5437,59.3547,-1.2972,-3.1662,projects/distillation/translation/runs/translategemma4b_es_en_gemma3_1b_stagea_goldgrid_rows1920_bf16_20260310T005321Z/stage_a/checkpoint-002000,/home/x/.cache/huggingface/hub/models--google--translategemma-4b-it/snapshots/10042cb0e6e7fdce748996a71dc3dc432a4e0c89,128,projects/distillation/translation/runs/translategemma4b_es_en_gemma3_1b_stagea_goldgrid_rows1920_bf16_20260310T005321Z/stage_a_checkpoint_sweep_greedy/eval2_external__checkpoint-002000__greedy/compare_eval_summary.json,,,,,,,,,,,,,,
translategemma4b_es_en_gemma3_1b_stagea_goldgrid_rows1920_bf16_20260308T164813Z,external_wmt13_en_es_translation_benchmark_128,projects/distillation/translation/training_data/translate_distill_pairs.eval2_wmt13_enes_128.jsonl,stage_a_checkpoint_sweep_greedy/eval2_external__checkpoint-002000__greedy,false,,student,26.0284,56.8031,27.5437,59.3547,-1.5152,-2.5516,projects/distillation/translation/runs/translategemma4b_es_en_gemma3_1b_stagea_goldgrid_rows1920_bf16_20260308T164813Z/stage_a/checkpoint-002000,/home/x/.cache/huggingface/hub/models--google--translategemma-4b-it/snapshots/10042cb0e6e7fdce748996a71dc3dc432a4e0c89,128,projects/distillation/translation/runs/translategemma4b_es_en_gemma3_1b_stagea_goldgrid_rows1920_bf16_20260308T164813Z/stage_a_checkpoint_sweep_greedy/eval2_external__checkpoint-002000__greedy/compare_eval_summary.json,,,,,,,,,,,,,,
translategemma4b_es_en_gemma3_1b_stagea_goldlegacy1280_bf16_20260307T231031Z,external_wmt13_en_es_translation_benchmark_128,projects/distillation/translation/training_data/translate_distill_pairs.eval2_wmt13_enes_128.jsonl,stage_a_checkpoint_sweep_greedy/eval2_external__checkpoint-016000__greedy,false,,student,25.9958,56.8890,,,,,projects/distillation/translation/runs/translategemma4b_es_en_gemma3_1b_stagea_goldlegacy1280_bf16_20260307T231031Z/stage_a/checkpoint-016000,,128,projects/distillation/translation/runs/translategemma4b_es_en_gemma3_1b_stagea_goldlegacy1280_bf16_20260307T231031Z/stage_a_checkpoint_sweep_greedy/eval2_external__checkpoint-016000__greedy/compare_eval_summary.json,,,,,,,,,,,,,,
translategemma4b_es_en_gemma3_1b_stagea_goldlegacy1280_bf16_20260307T231031Z,external_wmt13_en_es_translation_benchmark_128,projects/distillation/translation/training_data/translate_distill_pairs.eval2_wmt13_enes_128.jsonl,stage_a_checkpoint_sweep_greedy/eval2_external__checkpoint-032000__greedy,false,,student,25.9377,56.4858,,,,,projects/distillation/translation/runs/translategemma4b_es_en_gemma3_1b_stagea_goldlegacy1280_bf16_20260307T231031Z/stage_a/checkpoint-032000,,128,projects/distillation/translation/runs/translategemma4b_es_en_gemma3_1b_stagea_goldlegacy1280_bf16_20260307T231031Z/stage_a_checkpoint_sweep_greedy/eval2_external__checkpoint-032000__greedy/compare_eval_summary.json,,,,,,,,,,,,,,
translategemma4b_es_en_gemma3_1b_stagea_goldlegacy1280_bf16_20260307T231031Z,external_wmt13_en_es_translation_benchmark_128,projects/distillation/translation/training_data/translate_distill_pairs.eval2_wmt13_enes_128.jsonl,stage_a_checkpoint_sweep_greedy/eval2_external__checkpoint-024000__greedy,false,,student,25.7862,56.5766,,,,,projects/distillation/translation/runs/translategemma4b_es_en_gemma3_1b_stagea_goldlegacy1280_bf16_20260307T231031Z/stage_a/checkpoint-024000,,128,projects/distillation/translation/runs/translategemma4b_es_en_gemma3_1b_stagea_goldlegacy1280_bf16_20260307T231031Z/stage_a_checkpoint_sweep_greedy/eval2_external__checkpoint-024000__greedy/compare_eval_summary.json,,,,,,,,,,,,,,
translategemma4b_es_en_gemma3_1b_stagea_goldgrid_rows1920_bf16_20260308T164813Z,external_wmt13_en_es_translation_benchmark_128,projects/distillation/translation/training_data/translate_distill_pairs.eval2_wmt13_enes_128.jsonl,stage_a_checkpoint_sweep_greedy/eval2_external__checkpoint-006000__greedy,false,,student,25.4584,56.8557,27.5437,59.3547,-2.0852,-2.4990,projects/distillation/translation/runs/translategemma4b_es_en_gemma3_1b_stagea_goldgrid_rows1920_bf16_20260308T164813Z/stage_a/checkpoint-006000,/home/x/.cache/huggingface/hub/models--google--translategemma-4b-it/snapshots/10042cb0e6e7fdce748996a71dc3dc432a4e0c89,128,projects/distillation/translation/runs/translategemma4b_es_en_gemma3_1b_stagea_goldgrid_rows1920_bf16_20260308T164813Z/stage_a_checkpoint_sweep_greedy/eval2_external__checkpoint-006000__greedy/compare_eval_summary.json,,,,,,,,,,,,,,
translategemma4b_es_en_gemma3_1b_stagea_goldgrid_rows1920_bf16_20260308T164813Z,external_wmt13_en_es_translation_benchmark_128,projects/distillation/translation/training_data/translate_distill_pairs.eval2_wmt13_enes_128.jsonl,stage_a_checkpoint_sweep_greedy/eval2_external__checkpoint-008000__greedy,false,,student,25.1820,57.0220,27.5437,59.3547,-2.3616,-2.3326,projects/distillation/translation/runs/translategemma4b_es_en_gemma3_1b_stagea_goldgrid_rows1920_bf16_20260308T164813Z/stage_a/checkpoint-008000,/home/x/.cache/huggingface/hub/models--google--translategemma-4b-it/snapshots/10042cb0e6e7fdce748996a71dc3dc432a4e0c89,128,projects/distillation/translation/runs/translategemma4b_es_en_gemma3_1b_stagea_goldgrid_rows1920_bf16_20260308T164813Z/stage_a_checkpoint_sweep_greedy/eval2_external__checkpoint-008000__greedy/compare_eval_summary.json,,,,,,,,,,,,,,
translategemma4b_es_en_gemma3_1b_stagea_goldgrid_rows1920_bf16_20260310T013436Z,external_wmt13_en_es_translation_benchmark_128,projects/distillation/translation/training_data/translate_distill_pairs.eval2_wmt13_enes_128.jsonl,stage_a_checkpoint_sweep_greedy/eval2_external__checkpoint-002000__greedy,false,,student,24.8029,55.7317,27.5437,59.3547,-2.7408,-3.6230,projects/distillation/translation/runs/translategemma4b_es_en_gemma3_1b_stagea_goldgrid_rows1920_bf16_20260310T013436Z/stage_a/checkpoint-002000,/home/x/.cache/huggingface/hub/models--google--translategemma-4b-it/snapshots/10042cb0e6e7fdce748996a71dc3dc432a4e0c89,128,projects/distillation/translation/runs/translategemma4b_es_en_gemma3_1b_stagea_goldgrid_rows1920_bf16_20260310T013436Z/stage_a_checkpoint_sweep_greedy/eval2_external__checkpoint-002000__greedy/compare_eval_summary.json,22.7176,53.5447,,64.0000,27.1884,58.3761,,64.0000,128.0000,causal-chat,gemma_causal_lm,false,,
translategemma4b_es_en_gemma3_1b_stagea_goldgrid_rows1920_bf16_20260308T164813Z,external_wmt13_en_es_translation_benchmark_128,projects/distillation/translation/training_data/translate_distill_pairs.eval2_wmt13_enes_128.jsonl,stage_a_checkpoint_sweep_greedy/eval2_external__checkpoint-004000__greedy,false,,student,24.7623,56.4720,27.5437,59.3547,-2.7813,-2.8827,projects/distillation/translation/runs/translategemma4b_es_en_gemma3_1b_stagea_goldgrid_rows1920_bf16_20260308T164813Z/stage_a/checkpoint-004000,/home/x/.cache/huggingface/hub/models--google--translategemma-4b-it/snapshots/10042cb0e6e7fdce748996a71dc3dc432a4e0c89,128,projects/distillation/translation/runs/translategemma4b_es_en_gemma3_1b_stagea_goldgrid_rows1920_bf16_20260308T164813Z/stage_a_checkpoint_sweep_greedy/eval2_external__checkpoint-004000__greedy/compare_eval_summary.json,,,,,,,,,,,,,,
baseline__google__translategemma-4b-it__2026-03-10T014945Z,external_wmt13_en_es_translation_benchmark_128,projects/distillation/translation/training_data/translate_distill_pairs.eval2_wmt13_enes_128.jsonl,eval2_external__greedy,true,TranslateGemma 4B IT,baseline,22.6563,56.8741,,,,,google/translategemma-4b-it,,128,projects/distillation/translation/runs/baseline__google__translategemma-4b-it__2026-03-10T014945Z/eval2_external__greedy/compare_eval_summary.json,24.0766,56.8025,,64.0000,21.3060,56.9577,,64.0000,128.0000,causal-chat,gemma_causal_lm,false,0,4B
translategemma4b_es_en_gemma3_1b_full_train1280_20260303_114100,external_wmt13_en_es_translation_benchmark_128,projects/distillation/translation/training_data/translate_distill_pairs.eval2_wmt13_enes_128.jsonl,ablation_stage_decode_20260304_094102/eval2_external__final__sampled,false,,student,7.9262,33.4874,,,,,projects/distillation/translation/runs/translategemma4b_es_en_gemma3_1b_full_20260303_114100/final,,128,projects/distillation/translation/runs/translategemma4b_es_en_gemma3_1b_full_train1280_20260303_114100/ablation_stage_decode_20260304_094102/eval2_external__final__sampled/compare_eval_summary.json,,,,,,,,,,,,,,
translategemma4b_es_en_gemma3_1b_full_train17532_real1b_20260305_210210,external_wmt13_en_es_translation_benchmark_128,projects/distillation/translation/training_data/translate_distill_pairs.eval2_wmt13_enes_128.jsonl,eval_stageb002000_external_wmt13_greedy_20260306,false,,student,7.9159,35.6396,,,,,projects/distillation/translation/runs/translategemma4b_es_en_gemma3_1b_full_train17532_real1b_20260305_210210/stage_b/checkpoint-002000,,128,projects/distillation/translation/runs/translategemma4b_es_en_gemma3_1b_full_train17532_real1b_20260305_210210/eval_stageb002000_external_wmt13_greedy_20260306/compare_eval_summary.json,,,,,,,,,,,,,,
translategemma4b_es_en_gemma3_1b_full_train17532_real1b_20260305_210210,external_wmt13_en_es_translation_benchmark_128,projects/distillation/translation/training_data/translate_distill_pairs.eval2_wmt13_enes_128.jsonl,eval_stagea12k_eval2_greedy_20260306_rerun_tmux,false,,student,7.0652,34.9801,27.6332,59.3886,-20.5681,-24.4085,projects/distillation/translation/runs/translategemma4b_es_en_gemma3_1b_full_train17532_real1b_20260305_210210/stage_a/checkpoint-012000,/home/x/.cache/huggingface/hub/models--google--translategemma-4b-it/snapshots/10042cb0e6e7fdce748996a71dc3dc432a4e0c89,128,projects/distillation/translation/runs/translategemma4b_es_en_gemma3_1b_full_train17532_real1b_20260305_210210/eval_stagea12k_eval2_greedy_20260306_rerun_tmux/compare_eval_summary.json,,,,,,,,,,,,,,
translategemma4b_es_en_gemma3_1b_stagea_cpu_subset1280_seed42_20260307T013333Z,external_wmt13_en_es_translation_benchmark_128,projects/distillation/translation/training_data/translate_distill_pairs.eval2_wmt13_enes_128.jsonl,eval_stagea4k_eval2_greedy_live,false,,student,6.7827,,,,,,projects/distillation/translation/runs/translategemma4b_es_en_gemma3_1b_stagea_cpu_subset1280_seed42_20260307T013333Z/stage_a/checkpoint-004000,,128,projects/distillation/translation/runs/translategemma4b_es_en_gemma3_1b_stagea_cpu_subset1280_seed42_20260307T013333Z/eval_stagea4k_eval2_greedy_live/compare_eval_summary.json,,,,,,,,,,,,,,
translategemma4b_es_en_gemma3_1b_full_train1280_20260303_114100,external_wmt13_en_es_translation_benchmark_128,projects/distillation/translation/training_data/translate_distill_pairs.eval2_wmt13_enes_128.jsonl,ablation_stage_decode_20260304_094102/eval2_external__final__greedy,false,,student,6.5945,31.4518,,,,,projects/distillation/translation/runs/translategemma4b_es_en_gemma3_1b_full_20260303_114100/final,,128,projects/distillation/translation/runs/translategemma4b_es_en_gemma3_1b_full_train1280_20260303_114100/ablation_stage_decode_20260304_094102/eval2_external__final__greedy/compare_eval_summary.json,,,,,,,,,,,,,,
translategemma4b_es_en_gemma3_1b_full_train1280_20260303_114100,external_wmt13_en_es_translation_benchmark_128,projects/distillation/translation/training_data/translate_distill_pairs.eval2_wmt13_enes_128.jsonl,eval_bleu_vs_teacher_enes_eval2_20260304_093211_gfxoverride,false,,student,6.5945,31.4518,27.5437,59.3547,-20.9492,-27.9029,projects/distillation/translation/runs/translategemma4b_es_en_gemma3_1b_full_20260303_114100/final,/home/x/.cache/huggingface/hub/models--google--translategemma-4b-it/snapshots/10042cb0e6e7fdce748996a71dc3dc432a4e0c89,128,projects/distillation/translation/runs/translategemma4b_es_en_gemma3_1b_full_train1280_20260303_114100/eval_bleu_vs_teacher_enes_eval2_20260304_093211_gfxoverride/compare_eval_summary.json,,,,,,,,,,,,,,
translategemma4b_es_en_gemma3_1b_full_train17532_real1b_20260305_210210,external_wmt13_en_es_translation_benchmark_128,projects/distillation/translation/training_data/translate_distill_pairs.eval2_wmt13_enes_128.jsonl,eval_stagea32_eval2_greedy_20260306,false,,student,6.4642,33.9828,,,,,projects/distillation/translation/runs/translategemma4b_es_en_gemma3_1b_full_train17532_real1b_20260305_210210/stage_a/checkpoint-032000,,128,projects/distillation/translation/runs/translategemma4b_es_en_gemma3_1b_full_train17532_real1b_20260305_210210/eval_stagea32_eval2_greedy_20260306/compare_eval_summary.json,,,,,,,,,,,,,,
translategemma4b_es_en_gemma3_1b_stagea_cpu_subset1280_seed42_20260307T013333Z,external_wmt13_en_es_translation_benchmark_128,projects/distillation/translation/training_data/translate_distill_pairs.eval2_wmt13_enes_128.jsonl,eval_stagea24k_eval2_greedy_live,false,,student,6.4361,,,,,,projects/distillation/translation/runs/translategemma4b_es_en_gemma3_1b_stagea_cpu_subset1280_seed42_20260307T013333Z/stage_a/checkpoint-024000,,128,projects/distillation/translation/runs/translategemma4b_es_en_gemma3_1b_stagea_cpu_subset1280_seed42_20260307T013333Z/eval_stagea24k_eval2_greedy_live/compare_eval_summary.json,,,,,,,,,,,,,,
translategemma4b_es_en_gemma3_1b_stagea_cpu_subset2560_seed42_20260307T013333Z,external_wmt13_en_es_translation_benchmark_128,projects/distillation/translation/training_data/translate_distill_pairs.eval2_wmt13_enes_128.jsonl,eval_stagea4k_eval2_greedy_live,false,,student,6.1746,,,,,,projects/distillation/translation/runs/translategemma4b_es_en_gemma3_1b_stagea_cpu_subset2560_seed42_20260307T013333Z/stage_a/checkpoint-004000,,128,projects/distillation/translation/runs/translategemma4b_es_en_gemma3_1b_stagea_cpu_subset2560_seed42_20260307T013333Z/eval_stagea4k_eval2_greedy_live/compare_eval_summary.json,,,,,,,,,,,,,,
translategemma4b_es_en_gemma3_1b_stagea_cpu_subset1280_seed42_20260307T013333Z,external_wmt13_en_es_translation_benchmark_128,projects/distillation/translation/training_data/translate_distill_pairs.eval2_wmt13_enes_128.jsonl,eval_stagea28k_eval2_greedy_live,false,,student,5.7466,,,,,,projects/distillation/translation/runs/translategemma4b_es_en_gemma3_1b_stagea_cpu_subset1280_seed42_20260307T013333Z/stage_a/checkpoint-028000,,128,projects/distillation/translation/runs/translategemma4b_es_en_gemma3_1b_stagea_cpu_subset1280_seed42_20260307T013333Z/eval_stagea28k_eval2_greedy_live/compare_eval_summary.json,,,,,,,,,,,,,,
translategemma4b_es_en_gemma3_1b_stagea_cpu_subset1280_seed42_20260307T013333Z,external_wmt13_en_es_translation_benchmark_128,projects/distillation/translation/training_data/translate_distill_pairs.eval2_wmt13_enes_128.jsonl,eval_stagea20k_eval2_greedy_live,false,,student,5.7465,,,,,,projects/distillation/translation/runs/translategemma4b_es_en_gemma3_1b_stagea_cpu_subset1280_seed42_20260307T013333Z/stage_a/checkpoint-020000,,128,projects/distillation/translation/runs/translategemma4b_es_en_gemma3_1b_stagea_cpu_subset1280_seed42_20260307T013333Z/eval_stagea20k_eval2_greedy_live/compare_eval_summary.json,,,,,,,,,,,,,,
translategemma4b_es_en_gemma3_1b_full_train17532_real1b_20260305_210210,external_wmt13_en_es_translation_benchmark_128,projects/distillation/translation/training_data/translate_distill_pairs.eval2_wmt13_enes_128.jsonl,eval_stagea22k_eval2_greedy_20260306_rerun_tmux,false,,student,5.6350,33.7260,27.6332,59.3886,-21.9983,-25.6626,projects/distillation/translation/runs/translategemma4b_es_en_gemma3_1b_full_train17532_real1b_20260305_210210/stage_a/checkpoint-022000,/home/x/.cache/huggingface/hub/models--google--translategemma-4b-it/snapshots/10042cb0e6e7fdce748996a71dc3dc432a4e0c89,128,projects/distillation/translation/runs/translategemma4b_es_en_gemma3_1b_full_train17532_real1b_20260305_210210/eval_stagea22k_eval2_greedy_20260306_rerun_tmux/compare_eval_summary.json,,,,,,,,,,,,,,
translategemma4b_es_en_gemma3_1b_stagea_cpu_subset1280_seed42_20260307T013333Z,external_wmt13_en_es_translation_benchmark_128,projects/distillation/translation/training_data/translate_distill_pairs.eval2_wmt13_enes_128.jsonl,eval_stagea8k_eval2_greedy_live,false,,student,4.9284,,,,,,projects/distillation/translation/runs/translategemma4b_es_en_gemma3_1b_stagea_cpu_subset1280_seed42_20260307T013333Z/stage_a/checkpoint-008000,,128,projects/distillation/translation/runs/translategemma4b_es_en_gemma3_1b_stagea_cpu_subset1280_seed42_20260307T013333Z/eval_stagea8k_eval2_greedy_live/compare_eval_summary.json,,,,,,,,,,,,,,
translategemma4b_es_en_gemma3_1b_stagea_cpu_subset1280_seed42_20260307T013333Z,external_wmt13_en_es_translation_benchmark_128,projects/distillation/translation/training_data/translate_distill_pairs.eval2_wmt13_enes_128.jsonl,eval_stagea12k_eval2_greedy_live,false,,student,4.6705,,,,,,projects/distillation/translation/runs/translategemma4b_es_en_gemma3_1b_stagea_cpu_subset1280_seed42_20260307T013333Z/stage_a/checkpoint-012000,,128,projects/distillation/translation/runs/translategemma4b_es_en_gemma3_1b_stagea_cpu_subset1280_seed42_20260307T013333Z/eval_stagea12k_eval2_greedy_live/compare_eval_summary.json,,,,,,,,,,,,,,
translategemma4b_es_en_gemma3_1b_stagea_cpu_subset2560_seed42_20260307T013333Z,external_wmt13_en_es_translation_benchmark_128,projects/distillation/translation/training_data/translate_distill_pairs.eval2_wmt13_enes_128.jsonl,eval_stagea12k_eval2_greedy_live,false,,student,4.5627,,,,,,projects/distillation/translation/runs/translategemma4b_es_en_gemma3_1b_stagea_cpu_subset2560_seed42_20260307T013333Z/stage_a/checkpoint-012000,,128,projects/distillation/translation/runs/translategemma4b_es_en_gemma3_1b_stagea_cpu_subset2560_seed42_20260307T013333Z/eval_stagea12k_eval2_greedy_live/compare_eval_summary.json,,,,,,,,,,,,,,
translategemma4b_es_en_gemma3_1b_stagea_cpu_subset2560_seed42_20260307T013333Z,external_wmt13_en_es_translation_benchmark_128,projects/distillation/translation/training_data/translate_distill_pairs.eval2_wmt13_enes_128.jsonl,eval_stagea8k_eval2_greedy_live,false,,student,3.9701,,,,,,projects/distillation/translation/runs/translategemma4b_es_en_gemma3_1b_stagea_cpu_subset2560_seed42_20260307T013333Z/stage_a/checkpoint-008000,,128,projects/distillation/translation/runs/translategemma4b_es_en_gemma3_1b_stagea_cpu_subset2560_seed42_20260307T013333Z/eval_stagea8k_eval2_greedy_live/compare_eval_summary.json,,,,,,,,,,,,,,
translategemma4b_es_en_gemma3_1b_stagea_cpu_subset1280_seed42_20260307T013333Z,external_wmt13_en_es_translation_benchmark_128,projects/distillation/translation/training_data/translate_distill_pairs.eval2_wmt13_enes_128.jsonl,eval_stagea16k_eval2_greedy_live,false,,student,3.3827,,,,,,projects/distillation/translation/runs/translategemma4b_es_en_gemma3_1b_stagea_cpu_subset1280_seed42_20260307T013333Z/stage_a/checkpoint-016000,,128,projects/distillation/translation/runs/translategemma4b_es_en_gemma3_1b_stagea_cpu_subset1280_seed42_20260307T013333Z/eval_stagea16k_eval2_greedy_live/compare_eval_summary.json,,,,,,,,,,,,,,
baseline__google__gemma-3-1b-it__2026-03-10T020400Z,external_wmt13_en_es_translation_benchmark_128,projects/distillation/translation/training_data/translate_distill_pairs.eval2_wmt13_enes_128.jsonl,baseline_checkpoint_sweep_greedy/eval2_external__final__greedy,true,Gemma 3 1B IT,baseline,0.0285,15.4027,,,,,google/gemma-3-1b-it,,128,projects/distillation/translation/runs/baseline__google__gemma-3-1b-it__2026-03-10T020400Z/baseline_checkpoint_sweep_greedy/eval2_external__final__greedy/compare_eval_summary.json,0.0404,16.3943,,64.0000,0.0402,14.3341,,64.0000,128.0000,causal-chat,gemma_causal_lm,false,0,1B
