run_name,run_root,run_status,summary_source,timestamp_utc,updated_utc,source_langs,target_langs,eval_dataset_labels,eval_dataset_paths,pair_count,pairs_input_spec,schedule,total_steps,sft_steps,distill_steps,lambda_kd,mu_triplet,kd_temperature,margin,teacher_model,student_model,resumed,resume_stage,resume_from,selected_checkpoint,selected_checkpoint_stage,selected_checkpoint_loss,summary_path,latest_stage_a_checkpoint,latest_stage_b_checkpoint,final_model,dataset_label
baseline__google__gemma-3-1b-it__2026-03-10T135924Z,projects/distillation/translation/runs/baseline__google__gemma-3-1b-it__2026-03-10T135924Z,baseline,baseline_manifest,2026-03-10 13:59:24 UTC,2026-03-10 14:09:41 UTC,"en,es","en,es","external_wmt13_en_es_translation_benchmark_128,indomain_clean_merged_en_es_translation_benchmark_128","projects/distillation/translation/training_data/translate_distill_pairs.eval2_wmt13_enes_128.jsonl,projects/distillation/translation/training_data/translate_distill_pairs.eval3_indomain_clean_merged_128.jsonl",,baseline,baseline,,,,,,,,,google/gemma-3-1b-it,false,,,,,,projects/distillation/translation/runs/baseline__google__gemma-3-1b-it__2026-03-10T135924Z/run_contract.txt,,,,
baseline__google__translategemma-4b-it__2026-03-10T134941Z,projects/distillation/translation/runs/baseline__google__translategemma-4b-it__2026-03-10T134941Z,baseline,baseline_manifest,2026-03-10 13:49:41 UTC,2026-03-10 13:58:27 UTC,"en,es","en,es","external_wmt13_en_es_translation_benchmark_128,indomain_clean_merged_en_es_translation_benchmark_128","projects/distillation/translation/training_data/translate_distill_pairs.eval2_wmt13_enes_128.jsonl,projects/distillation/translation/training_data/translate_distill_pairs.eval3_indomain_clean_merged_128.jsonl",,baseline,baseline,,,,,,,,,google/translategemma-4b-it,false,,,,,,projects/distillation/translation/runs/baseline__google__translategemma-4b-it__2026-03-10T134941Z/run_contract.txt,,,,
baseline__facebook__m2m100_1.2b__2026-03-10T025214Z,projects/distillation/translation/runs/baseline__facebook__m2m100_1.2b__2026-03-10T025214Z,baseline,baseline_manifest,2026-03-10 02:52:14 UTC,2026-03-10 03:02:03 UTC,"en,es","en,es","external_wmt13_en_es_translation_benchmark_128,indomain_clean_merged_en_es_translation_benchmark_128","projects/distillation/translation/training_data/translate_distill_pairs.eval2_wmt13_enes_128.jsonl,projects/distillation/translation/training_data/translate_distill_pairs.eval3_indomain_clean_merged_128.jsonl",,baseline,baseline,,,,,,,,,facebook/m2m100_1.2B,false,,,,,,projects/distillation/translation/runs/baseline__facebook__m2m100_1.2b__2026-03-10T025214Z/run_contract.txt,,,,
baseline__facebook__nllb-200-distilled-1.3b__2026-03-10T023424Z,projects/distillation/translation/runs/baseline__facebook__nllb-200-distilled-1.3b__2026-03-10T023424Z,baseline,baseline_manifest,2026-03-10 02:34:24 UTC,2026-03-10 02:40:31 UTC,"en,es","en,es","external_wmt13_en_es_translation_benchmark_128,indomain_clean_merged_en_es_translation_benchmark_128","projects/distillation/translation/training_data/translate_distill_pairs.eval2_wmt13_enes_128.jsonl,projects/distillation/translation/training_data/translate_distill_pairs.eval3_indomain_clean_merged_128.jsonl",,baseline,baseline,,,,,,,,,facebook/nllb-200-distilled-1.3B,false,,,,,,projects/distillation/translation/runs/baseline__facebook__nllb-200-distilled-1.3b__2026-03-10T023424Z/run_contract.txt,,,,
baseline__facebook__m2m100_1.2b__2026-03-10T023253Z,projects/distillation/translation/runs/baseline__facebook__m2m100_1.2b__2026-03-10T023253Z,contract_only,run_contract,2026-03-10 02:32:53 UTC,2026-03-10 02:32:53 UTC,,,"external_wmt13_en_es_translation_benchmark_128,indomain_clean_merged_en_es_translation_benchmark_128","projects/distillation/translation/training_data/translate_distill_pairs.eval2_wmt13_enes_128.jsonl,projects/distillation/translation/training_data/translate_distill_pairs.eval3_indomain_clean_merged_128.jsonl",,baseline,baseline,,,,,,,,,,false,none,none,,,,projects/distillation/translation/runs/baseline__facebook__m2m100_1.2b__2026-03-10T023253Z/run_contract.txt,,,,
baseline__helsinki-nlp__opus-mt-es-en__2026-03-10T022943Z,projects/distillation/translation/runs/baseline__helsinki-nlp__opus-mt-es-en__2026-03-10T022943Z,baseline,baseline_manifest,2026-03-10 02:29:43 UTC,2026-03-10 02:29:56 UTC,es,en,"external_wmt13_en_es_translation_benchmark_128,indomain_clean_merged_en_es_translation_benchmark_128","projects/distillation/translation/training_data/translate_distill_pairs.eval2_wmt13_enes_128.jsonl,projects/distillation/translation/training_data/translate_distill_pairs.eval3_indomain_clean_merged_128.jsonl",,baseline,baseline,,,,,,,,,Helsinki-NLP/opus-mt-es-en,false,,,,,,projects/distillation/translation/runs/baseline__helsinki-nlp__opus-mt-es-en__2026-03-10T022943Z/run_contract.txt,,,,
baseline__helsinki-nlp__opus-mt-es-en__2026-03-10T020415Z,projects/distillation/translation/runs/baseline__helsinki-nlp__opus-mt-es-en__2026-03-10T020415Z,contract_only,run_contract,2026-03-10 02:04:15 UTC,2026-03-10 02:04:15 UTC,,,"external_wmt13_en_es_translation_benchmark_128,indomain_clean_merged_en_es_translation_benchmark_128","projects/distillation/translation/training_data/translate_distill_pairs.eval2_wmt13_enes_128.jsonl,projects/distillation/translation/training_data/translate_distill_pairs.eval3_indomain_clean_merged_128.jsonl",,baseline,baseline,,,,,,,,,,false,none,none,,,,projects/distillation/translation/runs/baseline__helsinki-nlp__opus-mt-es-en__2026-03-10T020415Z/run_contract.txt,,,,
baseline__helsinki-nlp__opus-mt-en-es__2026-03-10T020411Z,projects/distillation/translation/runs/baseline__helsinki-nlp__opus-mt-en-es__2026-03-10T020411Z,baseline,baseline_manifest,2026-03-10 02:04:11 UTC,2026-03-10 02:05:51 UTC,en,es,"external_wmt13_en_es_translation_benchmark_128,indomain_clean_merged_en_es_translation_benchmark_128","projects/distillation/translation/training_data/translate_distill_pairs.eval2_wmt13_enes_128.jsonl,projects/distillation/translation/training_data/translate_distill_pairs.eval3_indomain_clean_merged_128.jsonl",,baseline,baseline,,,,,,,,,Helsinki-NLP/opus-mt-en-es,false,,,,,,projects/distillation/translation/runs/baseline__helsinki-nlp__opus-mt-en-es__2026-03-10T020411Z/run_contract.txt,,,,
baseline__facebook__m2m100_1.2b__2026-03-10T020408Z,projects/distillation/translation/runs/baseline__facebook__m2m100_1.2b__2026-03-10T020408Z,contract_only,run_contract,2026-03-10 02:04:08 UTC,2026-03-10 02:04:08 UTC,,,"external_wmt13_en_es_translation_benchmark_128,indomain_clean_merged_en_es_translation_benchmark_128","projects/distillation/translation/training_data/translate_distill_pairs.eval2_wmt13_enes_128.jsonl,projects/distillation/translation/training_data/translate_distill_pairs.eval3_indomain_clean_merged_128.jsonl",,baseline,baseline,,,,,,,,,,false,none,none,,,,projects/distillation/translation/runs/baseline__facebook__m2m100_1.2b__2026-03-10T020408Z/run_contract.txt,,,,
baseline__facebook__nllb-200-distilled-1.3b__2026-03-10T020405Z,projects/distillation/translation/runs/baseline__facebook__nllb-200-distilled-1.3b__2026-03-10T020405Z,contract_only,run_contract,2026-03-10 02:04:05 UTC,2026-03-10 02:04:05 UTC,,,"external_wmt13_en_es_translation_benchmark_128,indomain_clean_merged_en_es_translation_benchmark_128","projects/distillation/translation/training_data/translate_distill_pairs.eval2_wmt13_enes_128.jsonl,projects/distillation/translation/training_data/translate_distill_pairs.eval3_indomain_clean_merged_128.jsonl",,baseline,baseline,,,,,,,,,,false,none,none,,,,projects/distillation/translation/runs/baseline__facebook__nllb-200-distilled-1.3b__2026-03-10T020405Z/run_contract.txt,,,,
baseline__google__gemma-3-1b-it__2026-03-10T020400Z,projects/distillation/translation/runs/baseline__google__gemma-3-1b-it__2026-03-10T020400Z,baseline,baseline_manifest,2026-03-10 02:04:00 UTC,2026-03-10 02:09:08 UTC,"en,es","en,es","external_wmt13_en_es_translation_benchmark_128,indomain_clean_merged_en_es_translation_benchmark_128","projects/distillation/translation/training_data/translate_distill_pairs.eval2_wmt13_enes_128.jsonl,projects/distillation/translation/training_data/translate_distill_pairs.eval3_indomain_clean_merged_128.jsonl",,baseline,baseline,,,,,,,,,google/gemma-3-1b-it,false,,,,,,projects/distillation/translation/runs/baseline__google__gemma-3-1b-it__2026-03-10T020400Z/run_contract.txt,,,,
translategemma4b_es_en_gemma3_1b_stagea_goldgrid_rows1920_bf16_20260310T013436Z,projects/distillation/translation/runs/translategemma4b_es_en_gemma3_1b_stagea_goldgrid_rows1920_bf16_20260310T013436Z,completed,train_summary,2026-03-10 02:03:25 UTC,2026-03-10 02:03:25 UTC,"en,es","en,es",,,1920,projects/distillation/translation/runs/translategemma4b_es_en_gemma3_1b_stagea_goldgrid_rows1920_bf16_20260310T013436Z/inputs/train_pairs.rows1920.merged.jsonl,A_then_B,4001,4001,0,0.0000,0.0000,1.0000,0.2000,/home/x/.cache/huggingface/hub/models--google--translategemma-4b-it/snapshots/10042cb0e6e7fdce748996a71dc3dc432a4e0c89,/home/x/.cache/huggingface/hub/models--google--gemma-3-1b-it/snapshots/dcc83ea841ab6100d6b47a070329e1ba4cf78752,false,None,,projects/distillation/translation/runs/translategemma4b_es_en_gemma3_1b_stagea_goldgrid_rows1920_bf16_20260310T013436Z/stage_a/checkpoint-004001,stage_a,0.0304,projects/distillation/translation/runs/translategemma4b_es_en_gemma3_1b_stagea_goldgrid_rows1920_bf16_20260310T013436Z/train_summary.json,projects/distillation/translation/runs/translategemma4b_es_en_gemma3_1b_stagea_goldgrid_rows1920_bf16_20260310T013436Z/stage_a/checkpoint-002000,,projects/distillation/translation/runs/translategemma4b_es_en_gemma3_1b_stagea_goldgrid_rows1920_bf16_20260310T013436Z/final,train_pairs.rows1920.merged.jsonl
baseline__facebook__nllb-200-distilled-600m__2026-03-10T014951Z,projects/distillation/translation/runs/baseline__facebook__nllb-200-distilled-600m__2026-03-10T014951Z,baseline,baseline_manifest,2026-03-10 01:49:51 UTC,2026-03-10 02:03:26 UTC,"en,es","en,es","external_wmt13_en_es_translation_benchmark_128,indomain_clean_merged_en_es_translation_benchmark_128","projects/distillation/translation/training_data/translate_distill_pairs.eval2_wmt13_enes_128.jsonl,projects/distillation/translation/training_data/translate_distill_pairs.eval3_indomain_clean_merged_128.jsonl",,baseline,baseline,,,,,,,,,facebook/nllb-200-distilled-600M,false,,,,,,projects/distillation/translation/runs/baseline__facebook__nllb-200-distilled-600m__2026-03-10T014951Z/run_contract.txt,,,,
baseline__google__translategemma-4b-it__2026-03-10T014945Z,projects/distillation/translation/runs/baseline__google__translategemma-4b-it__2026-03-10T014945Z,baseline,baseline_manifest,2026-03-10 01:49:45 UTC,2026-03-10 02:03:26 UTC,"en,es","en,es","external_wmt13_en_es_translation_benchmark_128,indomain_clean_merged_en_es_translation_benchmark_128","projects/distillation/translation/training_data/translate_distill_pairs.eval2_wmt13_enes_128.jsonl,projects/distillation/translation/training_data/translate_distill_pairs.eval3_indomain_clean_merged_128.jsonl",,baseline,baseline,,,,,,,,,google/translategemma-4b-it,false,,,,,,projects/distillation/translation/runs/baseline__google__translategemma-4b-it__2026-03-10T014945Z/run_contract.txt,,,,
translategemma4b_es_en_gemma3_1b_stagea_goldgrid_rows1920_bf16_20260310T005321Z,projects/distillation/translation/runs/translategemma4b_es_en_gemma3_1b_stagea_goldgrid_rows1920_bf16_20260310T005321Z,completed,train_summary,2026-03-10 01:17:52 UTC,2026-03-10 01:17:52 UTC,"en,es","en,es",,,1920,projects/distillation/translation/runs/translategemma4b_es_en_gemma3_1b_stagea_goldgrid_rows1920_bf16_20260310T005321Z/inputs/train_pairs.rows1920.merged.jsonl,A_then_B,4001,4001,0,0.0000,0.0000,1.0000,0.2000,/home/x/.cache/huggingface/hub/models--google--translategemma-4b-it/snapshots/10042cb0e6e7fdce748996a71dc3dc432a4e0c89,/home/x/.cache/huggingface/hub/models--google--gemma-3-1b-it/snapshots/dcc83ea841ab6100d6b47a070329e1ba4cf78752,false,None,,projects/distillation/translation/runs/translategemma4b_es_en_gemma3_1b_stagea_goldgrid_rows1920_bf16_20260310T005321Z/stage_a/checkpoint-004001,stage_a,0.0198,projects/distillation/translation/runs/translategemma4b_es_en_gemma3_1b_stagea_goldgrid_rows1920_bf16_20260310T005321Z/train_summary.json,projects/distillation/translation/runs/translategemma4b_es_en_gemma3_1b_stagea_goldgrid_rows1920_bf16_20260310T005321Z/stage_a/checkpoint-002000,,projects/distillation/translation/runs/translategemma4b_es_en_gemma3_1b_stagea_goldgrid_rows1920_bf16_20260310T005321Z/final,train_pairs.rows1920.merged.jsonl
results_bundle,projects/distillation/translation/runs/results_bundle,sparse,none,2026-03-10 00:51:31 UTC,2026-03-10 00:51:31 UTC,,,,,,,,,,,,,,,,,false,,,,,,,,,,
translategemma4b_es_en_gemma3_1b_stagea_goldgrid_rows1920_bf16_20260310T001204Z,projects/distillation/translation/runs/translategemma4b_es_en_gemma3_1b_stagea_goldgrid_rows1920_bf16_20260310T001204Z,completed,train_summary,2026-03-10 00:36:37 UTC,2026-03-10 00:36:37 UTC,"en,es","en,es",,,1920,projects/distillation/translation/runs/translategemma4b_es_en_gemma3_1b_stagea_goldgrid_rows1920_bf16_20260310T001204Z/inputs/train_pairs.rows1920.merged.jsonl,A_then_B,4001,4001,0,0.0000,0.0000,1.0000,0.2000,/home/x/.cache/huggingface/hub/models--google--translategemma-4b-it/snapshots/10042cb0e6e7fdce748996a71dc3dc432a4e0c89,/home/x/.cache/huggingface/hub/models--google--gemma-3-1b-it/snapshots/dcc83ea841ab6100d6b47a070329e1ba4cf78752,false,None,,projects/distillation/translation/runs/translategemma4b_es_en_gemma3_1b_stagea_goldgrid_rows1920_bf16_20260310T001204Z/stage_a/checkpoint-004001,stage_a,0.0134,projects/distillation/translation/runs/translategemma4b_es_en_gemma3_1b_stagea_goldgrid_rows1920_bf16_20260310T001204Z/train_summary.json,projects/distillation/translation/runs/translategemma4b_es_en_gemma3_1b_stagea_goldgrid_rows1920_bf16_20260310T001204Z/stage_a/checkpoint-002000,,projects/distillation/translation/runs/translategemma4b_es_en_gemma3_1b_stagea_goldgrid_rows1920_bf16_20260310T001204Z/final,train_pairs.rows1920.merged.jsonl
orchestrator_manifests,projects/distillation/translation/runs/orchestrator_manifests,sparse,none,2026-03-10 00:12:04 UTC,2026-03-10 00:12:04 UTC,,,,,,,,,,,,,,,,,false,,,,,,,,,,
translategemma4b_es_en_gemma3_1b_stagea_goldgrid_rows2560_bf16_20260309T195639Z,projects/distillation/translation/runs/translategemma4b_es_en_gemma3_1b_stagea_goldgrid_rows2560_bf16_20260309T195639Z,completed,train_summary,2026-03-09 21:03:12 UTC,2026-03-09 21:03:12 UTC,"en,es","en,es",,,2560,projects/distillation/translation/runs/translategemma4b_es_en_gemma3_1b_stagea_goldgrid_rows2560_bf16_20260309T195639Z/inputs/train_pairs.rows2560.merged.jsonl,A_then_B,6000,6000,0,0.0000,0.0000,1.0000,0.2000,/home/x/.cache/huggingface/hub/models--google--translategemma-4b-it/snapshots/10042cb0e6e7fdce748996a71dc3dc432a4e0c89,projects/distillation/translation/runs/translategemma4b_es_en_gemma3_1b_stagea_goldgrid_rows2560_bf16_20260309T195639Z/stage_a/checkpoint-002000,true,stage_a,projects/distillation/translation/runs/translategemma4b_es_en_gemma3_1b_stagea_goldgrid_rows2560_bf16_20260309T195639Z/stage_a/checkpoint-002000,projects/distillation/translation/runs/translategemma4b_es_en_gemma3_1b_stagea_goldgrid_rows2560_bf16_20260309T195639Z/stage_a/checkpoint-002000,stage_a,0.2254,projects/distillation/translation/runs/translategemma4b_es_en_gemma3_1b_stagea_goldgrid_rows2560_bf16_20260309T195639Z/train_summary.json,projects/distillation/translation/runs/translategemma4b_es_en_gemma3_1b_stagea_goldgrid_rows2560_bf16_20260309T195639Z/stage_a/checkpoint-006000,,projects/distillation/translation/runs/translategemma4b_es_en_gemma3_1b_stagea_goldgrid_rows2560_bf16_20260309T195639Z/final,train_pairs.rows2560.merged.jsonl
translategemma4b_es_en_gemma3_1b_stagea_goldgrid_rows1280_bf16_20260309T185602Z,projects/distillation/translation/runs/translategemma4b_es_en_gemma3_1b_stagea_goldgrid_rows1280_bf16_20260309T185602Z,completed,train_summary,2026-03-09 19:35:26 UTC,2026-03-09 19:35:26 UTC,"en,es","en,es",,,1280,projects/distillation/translation/training_data/gold/translate_distill_pairs.gold_legacy1280_20260303_b8f685a.jsonl,A_then_B,6000,6000,0,0.0000,0.0000,1.0000,0.2000,/home/x/.cache/huggingface/hub/models--google--translategemma-4b-it/snapshots/10042cb0e6e7fdce748996a71dc3dc432a4e0c89,/home/x/.cache/huggingface/hub/models--google--gemma-3-1b-it/snapshots/dcc83ea841ab6100d6b47a070329e1ba4cf78752,false,None,,projects/distillation/translation/runs/translategemma4b_es_en_gemma3_1b_stagea_goldgrid_rows1280_bf16_20260309T185602Z/stage_a/checkpoint-002000,stage_a,0.0633,projects/distillation/translation/runs/translategemma4b_es_en_gemma3_1b_stagea_goldgrid_rows1280_bf16_20260309T185602Z/train_summary.json,projects/distillation/translation/runs/translategemma4b_es_en_gemma3_1b_stagea_goldgrid_rows1280_bf16_20260309T185602Z/stage_a/checkpoint-006000,,projects/distillation/translation/runs/translategemma4b_es_en_gemma3_1b_stagea_goldgrid_rows1280_bf16_20260309T185602Z/final,Gold Legacy 1280
translategemma4b_es_en_gemma3_1b_stagea_goldgrid_rows2560_bf16_20260309T022454Z,projects/distillation/translation/runs/translategemma4b_es_en_gemma3_1b_stagea_goldgrid_rows2560_bf16_20260309T022454Z,contract_only,run_contract,2026-03-09 02:25:03 UTC,2026-03-09 02:33:03 UTC,,,"external_wmt13_en_es_translation_benchmark_128,indomain_clean_merged_en_es_translation_benchmark_128","projects/distillation/translation/training_data/translate_distill_pairs.eval2_wmt13_enes_128.jsonl,projects/distillation/translation/training_data/translate_distill_pairs.eval3_indomain_clean_merged_128.jsonl",,"merge_jsonl(/home/x/deco/gamma/projects/distillation/translation/training_data/gold_shards_rebucketed/gold_rebucketed_320.pack_01.q97_4484.rows320.jsonl,projects/distillation/translation/training_data/gold_shards_rebucketed/gold_rebucketed_320.pack_02.q97_1397.rows320.jsonl,projects/distillation/translation/training_data/gold_shards_rebucketed/gold_rebucketed_320.pack_03.q96_4352.rows320.jsonl,projects/distillation/translation/training_data/gold_shards_rebucketed/gold_rebucketed_320.pack_04.q96_3328.rows320.jsonl,projects/distillation/translation/training_data/gold_shards_rebucketed/gold_rebucketed_320.pack_05.q96_0642.rows320.jsonl,projects/distillation/translation/training_data/gold_shards_rebucketed/gold_rebucketed_320.pack_06.q95_9634.rows320.jsonl,projects/distillation/translation/training_data/gold_shards_rebucketed/gold_rebucketed_320.pack_07.q96_0567.rows320.jsonl,projects/distillation/translation/training_data/gold_shards_rebucketed/gold_rebucketed_320.pack_08.q97_3716.rows320.jsonl)",A_then_B,,,,,,,,,,false,none,none,,,,projects/distillation/translation/runs/translategemma4b_es_en_gemma3_1b_stagea_goldgrid_rows2560_bf16_20260309T022454Z/run_contract.txt,projects/distillation/translation/runs/translategemma4b_es_en_gemma3_1b_stagea_goldgrid_rows2560_bf16_20260309T022454Z/stage_a/checkpoint-004500,,,
translategemma4b_es_en_gemma3_1b_stagea_goldgrid_rows2560_bf16_20260309T021024Z,projects/distillation/translation/runs/translategemma4b_es_en_gemma3_1b_stagea_goldgrid_rows2560_bf16_20260309T021024Z,contract_only,run_contract,2026-03-09 02:10:33 UTC,2026-03-09 02:10:33 UTC,,,"external_wmt13_en_es_translation_benchmark_128,indomain_clean_merged_en_es_translation_benchmark_128","projects/distillation/translation/training_data/translate_distill_pairs.eval2_wmt13_enes_128.jsonl,projects/distillation/translation/training_data/translate_distill_pairs.eval3_indomain_clean_merged_128.jsonl",,"merge_jsonl(/home/x/deco/gamma/projects/distillation/translation/training_data/gold_shards_rebucketed/gold_rebucketed_320.pack_01.q97_4484.rows320.jsonl,projects/distillation/translation/training_data/gold_shards_rebucketed/gold_rebucketed_320.pack_02.q97_1397.rows320.jsonl,projects/distillation/translation/training_data/gold_shards_rebucketed/gold_rebucketed_320.pack_03.q96_4352.rows320.jsonl,projects/distillation/translation/training_data/gold_shards_rebucketed/gold_rebucketed_320.pack_04.q96_3328.rows320.jsonl,projects/distillation/translation/training_data/gold_shards_rebucketed/gold_rebucketed_320.pack_05.q96_0642.rows320.jsonl,projects/distillation/translation/training_data/gold_shards_rebucketed/gold_rebucketed_320.pack_06.q95_9634.rows320.jsonl,projects/distillation/translation/training_data/gold_shards_rebucketed/gold_rebucketed_320.pack_07.q96_0567.rows320.jsonl,projects/distillation/translation/training_data/gold_shards_rebucketed/gold_rebucketed_320.pack_08.q97_3716.rows320.jsonl)",A_then_B,,,,,,,,,,false,none,none,,,,projects/distillation/translation/runs/translategemma4b_es_en_gemma3_1b_stagea_goldgrid_rows2560_bf16_20260309T021024Z/run_contract.txt,,,,
translategemma4b_es_en_gemma3_1b_stagea_goldgrid_rows2560_bf16_20260308T164813Z,projects/distillation/translation/runs/translategemma4b_es_en_gemma3_1b_stagea_goldgrid_rows2560_bf16_20260308T164813Z,contract_only,run_contract,2026-03-08 19:29:35 UTC,2026-03-08 19:29:35 UTC,,,"external_wmt13_en_es_translation_benchmark_128,indomain_clean_merged_en_es_translation_benchmark_128","projects/distillation/translation/training_data/translate_distill_pairs.eval2_wmt13_enes_128.jsonl,projects/distillation/translation/training_data/translate_distill_pairs.eval3_indomain_clean_merged_128.jsonl",,projects/distillation/translation/training_data/gold_shards/gold_quality_4x640.train_4x640.jsonl,A_then_B,,,,,,,,,,false,none,none,,,,projects/distillation/translation/runs/translategemma4b_es_en_gemma3_1b_stagea_goldgrid_rows2560_bf16_20260308T164813Z/run_contract.txt,,,,gold_quality_4x640.train_4x640.jsonl
translategemma4b_es_en_gemma3_1b_stagea_goldgrid_rows1920_bf16_20260308T164813Z,projects/distillation/translation/runs/translategemma4b_es_en_gemma3_1b_stagea_goldgrid_rows1920_bf16_20260308T164813Z,completed,train_summary,2026-03-08 19:03:37 UTC,2026-03-08 19:03:37 UTC,"en,es","en,es",,,1920,projects/distillation/translation/training_data/gold_shards/gold_quality_4x640.train_3x640.jsonl,A_then_B,8000,8000,0,0.0000,0.0000,1.0000,0.2000,/home/x/.cache/huggingface/hub/models--google--translategemma-4b-it/snapshots/10042cb0e6e7fdce748996a71dc3dc432a4e0c89,/home/x/.cache/huggingface/hub/models--google--gemma-3-1b-it/snapshots/dcc83ea841ab6100d6b47a070329e1ba4cf78752,false,None,,projects/distillation/translation/runs/translategemma4b_es_en_gemma3_1b_stagea_goldgrid_rows1920_bf16_20260308T164813Z/stage_a/checkpoint-004000,stage_a,0.0179,projects/distillation/translation/runs/translategemma4b_es_en_gemma3_1b_stagea_goldgrid_rows1920_bf16_20260308T164813Z/train_summary.json,projects/distillation/translation/runs/translategemma4b_es_en_gemma3_1b_stagea_goldgrid_rows1920_bf16_20260308T164813Z/stage_a/checkpoint-002000,,projects/distillation/translation/runs/translategemma4b_es_en_gemma3_1b_stagea_goldgrid_rows1920_bf16_20260308T164813Z/final,gold_quality_4x640.train_3x640.jsonl
translategemma4b_es_en_gemma3_1b_stagea_goldgrid_rows1280_bf16_20260308T164813Z,projects/distillation/translation/runs/translategemma4b_es_en_gemma3_1b_stagea_goldgrid_rows1280_bf16_20260308T164813Z,completed,train_summary,2026-03-08 17:43:18 UTC,2026-03-08 17:43:18 UTC,"en,es","en,es",,,1280,projects/distillation/translation/training_data/gold/translate_distill_pairs.gold_legacy1280_20260303_b8f685a.jsonl,A_then_B,8000,8000,0,0.0000,0.0000,1.0000,0.2000,/home/x/.cache/huggingface/hub/models--google--translategemma-4b-it/snapshots/10042cb0e6e7fdce748996a71dc3dc432a4e0c89,/home/x/.cache/huggingface/hub/models--google--gemma-3-1b-it/snapshots/dcc83ea841ab6100d6b47a070329e1ba4cf78752,false,None,,projects/distillation/translation/runs/translategemma4b_es_en_gemma3_1b_stagea_goldgrid_rows1280_bf16_20260308T164813Z/stage_a/checkpoint-008000,stage_a,0.0027,projects/distillation/translation/runs/translategemma4b_es_en_gemma3_1b_stagea_goldgrid_rows1280_bf16_20260308T164813Z/train_summary.json,projects/distillation/translation/runs/translategemma4b_es_en_gemma3_1b_stagea_goldgrid_rows1280_bf16_20260308T164813Z/stage_a/checkpoint-004000,,projects/distillation/translation/runs/translategemma4b_es_en_gemma3_1b_stagea_goldgrid_rows1280_bf16_20260308T164813Z/final,Gold Legacy 1280
translategemma4b_es_en_gemma3_1b_stagea_goldlegacy1280_bf16_20260307T231031Z,projects/distillation/translation/runs/translategemma4b_es_en_gemma3_1b_stagea_goldlegacy1280_bf16_20260307T231031Z,completed,train_summary,2026-03-08 01:57:32 UTC,2026-03-08 01:57:32 UTC,"en,es","en,es",,,1280,projects/distillation/translation/training_data/gold/translate_distill_pairs.gold_legacy1280_20260303_b8f685a.jsonl,A_then_B,32000,32000,0,0.0000,0.0000,1.0000,0.2000,/home/x/.cache/huggingface/hub/models--google--translategemma-4b-it/snapshots/10042cb0e6e7fdce748996a71dc3dc432a4e0c89,/home/x/.cache/huggingface/hub/models--google--gemma-3-1b-it/snapshots/dcc83ea841ab6100d6b47a070329e1ba4cf78752,false,None,,projects/distillation/translation/runs/translategemma4b_es_en_gemma3_1b_stagea_goldlegacy1280_bf16_20260307T231031Z/stage_a/checkpoint-032000,stage_a,0.0000,projects/distillation/translation/runs/translategemma4b_es_en_gemma3_1b_stagea_goldlegacy1280_bf16_20260307T231031Z/train_summary.json,projects/distillation/translation/runs/translategemma4b_es_en_gemma3_1b_stagea_goldlegacy1280_bf16_20260307T231031Z/stage_a/checkpoint-008000,,projects/distillation/translation/runs/translategemma4b_es_en_gemma3_1b_stagea_goldlegacy1280_bf16_20260307T231031Z/final,Gold Legacy 1280
translategemma4b_es_en_gemma3_1b_stagea_cpu_subset1280_seed42_20260307_stagea_grid_v1,projects/distillation/translation/runs/translategemma4b_es_en_gemma3_1b_stagea_cpu_subset1280_seed42_20260307_stagea_grid_v1,contract_only,run_contract,2026-03-07 22:56:31 UTC,2026-03-07 22:56:31 UTC,,,external_wmt13_en_es_translation_benchmark_128,/Users/xyz/deco/gamma/projects/distillation/translation/training_data/translate_distill_pairs.eval2_wmt13_enes_128.jsonl,,/Users/xyz/deco/gamma/projects/distillation/translation/training_data/subsets/translate_distill_pairs_en_es_2way.train.merged.subset_1280.seed42.jsonl,A_then_B,,,,,,,,,,false,none,none,,,,projects/distillation/translation/runs/translategemma4b_es_en_gemma3_1b_stagea_cpu_subset1280_seed42_20260307_stagea_grid_v1/run_contract.txt,,,,Merged Subset 1280
translategemma4b_es_en_gemma3_1b_stagea_cpu_subset1280_seed42_20260307T130251Z_resumefix,projects/distillation/translation/runs/translategemma4b_es_en_gemma3_1b_stagea_cpu_subset1280_seed42_20260307T130251Z_resumefix,contract_only,run_contract,2026-03-07 22:56:31 UTC,2026-03-07 22:56:31 UTC,,,external_wmt13_en_es_translation_benchmark_128,/Users/xyz/deco/gamma/projects/distillation/translation/training_data/translate_distill_pairs.eval2_wmt13_enes_128.jsonl,,/Users/xyz/deco/gamma/projects/distillation/translation/training_data/subsets/translate_distill_pairs_en_es_2way.train.merged.subset_1280.seed42.jsonl,A_then_B,,,,,,,,,,false,none,none,,,,projects/distillation/translation/runs/translategemma4b_es_en_gemma3_1b_stagea_cpu_subset1280_seed42_20260307T130251Z_resumefix/run_contract.txt,,,,Merged Subset 1280
translategemma4b_es_en_gemma3_1b_stagea_cpu_subset2560_seed42_20260307T013333Z,projects/distillation/translation/runs/translategemma4b_es_en_gemma3_1b_stagea_cpu_subset2560_seed42_20260307T013333Z,contract_only,run_contract,2026-03-07 16:06:15 UTC,2026-03-07 21:58:35 UTC,,,external_wmt13_en_es_translation_benchmark_128,projects/distillation/translation/training_data/translate_distill_pairs.eval2_wmt13_enes_128.jsonl,,projects/distillation/translation/training_data/subsets/translate_distill_pairs_en_es_2way.train.merged.subset_2560.seed42.jsonl,A_then_B,,,,,,,,,,false,none,none,,,,projects/distillation/translation/runs/translategemma4b_es_en_gemma3_1b_stagea_cpu_subset2560_seed42_20260307T013333Z/run_contract.txt,,,,Merged Subset 2560
translategemma4b_es_en_gemma3_1b_stagea_cpu_subset1280_seed42_20260307T013333Z,projects/distillation/translation/runs/translategemma4b_es_en_gemma3_1b_stagea_cpu_subset1280_seed42_20260307T013333Z,completed,train_summary,2026-03-07 16:06:03 UTC,2026-03-07 16:06:03 UTC,"en,es","en,es",,,1280,projects/distillation/translation/training_data/subsets/translate_distill_pairs_en_es_2way.train.merged.subset_1280.seed42.jsonl,A_then_B,32000,32000,0,0.0000,0.0000,1.0000,0.2000,/home/x/.cache/huggingface/hub/models--google--translategemma-4b-it/snapshots/10042cb0e6e7fdce748996a71dc3dc432a4e0c89,/home/x/.cache/huggingface/hub/models--google--gemma-3-1b-it/snapshots/dcc83ea841ab6100d6b47a070329e1ba4cf78752,false,None,,projects/distillation/translation/runs/translategemma4b_es_en_gemma3_1b_stagea_cpu_subset1280_seed42_20260307T013333Z/stage_a/checkpoint-032000,stage_a,0.0000,projects/distillation/translation/runs/translategemma4b_es_en_gemma3_1b_stagea_cpu_subset1280_seed42_20260307T013333Z/train_summary.json,,,projects/distillation/translation/runs/translategemma4b_es_en_gemma3_1b_stagea_cpu_subset1280_seed42_20260307T013333Z/final,Merged Subset 1280
translategemma4b_es_en_gemma3_1b_stagea_cpu_subset1280_seed42_20260307T012642Z,projects/distillation/translation/runs/translategemma4b_es_en_gemma3_1b_stagea_cpu_subset1280_seed42_20260307T012642Z,contract_only,run_contract,2026-03-07 01:26:54 UTC,2026-03-07 01:27:02 UTC,,,none,none,,projects/distillation/translation/training_data/subsets/translate_distill_pairs_en_es_2way.train.merged.subset_1280.seed42.jsonl,A_then_B,,,,,,,,,,false,none,none,,,,projects/distillation/translation/runs/translategemma4b_es_en_gemma3_1b_stagea_cpu_subset1280_seed42_20260307T012642Z/run_contract.txt,,,,Merged Subset 1280
translategemma4b_es_en_gemma3_1b_stageb_resume002000_to5000_20260306_145317,projects/distillation/translation/runs/translategemma4b_es_en_gemma3_1b_stageb_resume002000_to5000_20260306_145317,contract_only,run_contract,2026-03-06 21:46:40 UTC,2026-03-06 19:53:34 UTC,,,"external_wmt13_en_es_translation_benchmark_128,indomain_clean_merged_en_es_translation_benchmark_128","projects/distillation/translation/training_data/translate_distill_pairs.eval2_wmt13_enes_128.jsonl,projects/distillation/translation/training_data/translate_distill_pairs.eval3_indomain_clean_merged_128.jsonl",,projects/distillation/translation/training_data/translate_distill_pairs_en_es_2way.train.merged.jsonl,A_then_B,,,,,,,,,,true,stage_b,projects/distillation/translation/runs/translategemma4b_es_en_gemma3_1b_full_train17532_real1b_20260305_210210/stage_b/checkpoint-002000,,,,projects/distillation/translation/runs/translategemma4b_es_en_gemma3_1b_stageb_resume002000_to5000_20260306_145317/logs/train_resume_stageb_cpu.log,,,,Merged Full
translategemma4b_es_en_gemma3_1b_full_train17532_real1b_20260305_210210,projects/distillation/translation/runs/translategemma4b_es_en_gemma3_1b_full_train17532_real1b_20260305_210210,contract_only,run_contract,2026-03-06 19:31:57 UTC,2026-03-06 23:28:23 UTC,,,"external_wmt13_en_es_translation_benchmark_128,indomain_clean_merged_en_es_translation_benchmark_128","projects/distillation/translation/training_data/translate_distill_pairs.eval2_wmt13_enes_128.jsonl,projects/distillation/translation/training_data/translate_distill_pairs.eval3_indomain_clean_merged_128.jsonl",,projects/distillation/translation/training_data/translate_distill_pairs_en_es_2way.train.merged.jsonl,A_then_B,,,,,,,,,,false,none,none,,,,projects/distillation/translation/runs/translategemma4b_es_en_gemma3_1b_full_train17532_real1b_20260305_210210/logs/train_cpu.log,,projects/distillation/translation/runs/translategemma4b_es_en_gemma3_1b_full_train17532_real1b_20260305_210210/stage_b/checkpoint-002000,,Merged Full 17532
translategemma4b_es_en_gemma3_1b_full_train17532_20260305_094603,projects/distillation/translation/runs/translategemma4b_es_en_gemma3_1b_full_train17532_20260305_094603,contract_only,run_contract,2026-03-05 14:46:03 UTC,2026-03-05 14:46:14 UTC,,,"external_wmt13_en_es_translation_benchmark_128,indomain_clean_merged_en_es_translation_benchmark_128","projects/distillation/translation/training_data/translate_distill_pairs.eval2_wmt13_enes_128.jsonl,projects/distillation/translation/training_data/translate_distill_pairs.eval3_indomain_clean_merged_128.jsonl",,projects/distillation/translation/training_data/translate_distill_pairs_en_es_2way.train.merged.jsonl,A_then_B,,,,,,,,,,false,none,none,,,,projects/distillation/translation/runs/translategemma4b_es_en_gemma3_1b_full_train17532_20260305_094603/run_contract.txt,,,,Merged Full 17532
translategemma4b_es_en_gemma3_1b_full_train17532_20260305_094319,projects/distillation/translation/runs/translategemma4b_es_en_gemma3_1b_full_train17532_20260305_094319,contract_only,run_contract,2026-03-05 14:43:19 UTC,2026-03-05 14:44:35 UTC,,,"external_wmt13_en_es_translation_benchmark_128,indomain_clean_merged_en_es_translation_benchmark_128","projects/distillation/translation/training_data/translate_distill_pairs.eval2_wmt13_enes_128.jsonl,projects/distillation/translation/training_data/translate_distill_pairs.eval3_indomain_clean_merged_128.jsonl",,projects/distillation/translation/training_data/translate_distill_pairs_en_es_2way.train.merged.jsonl,A_then_B,,,,,,,,,,false,none,none,,,,projects/distillation/translation/runs/translategemma4b_es_en_gemma3_1b_full_train17532_20260305_094319/run_contract.txt,,,,Merged Full 17532
translategemma4b_es_en_gemma3_1b_full_train17532_20260304_211531,projects/distillation/translation/runs/translategemma4b_es_en_gemma3_1b_full_train17532_20260304_211531,contract_only,run_contract,2026-03-05 02:15:31 UTC,2026-03-05 02:15:53 UTC,,,"external_wmt13_en_es_translation_benchmark_128,indomain_clean_merged_en_es_translation_benchmark_128","projects/distillation/translation/training_data/translate_distill_pairs.eval2_wmt13_enes_128.jsonl,projects/distillation/translation/training_data/translate_distill_pairs.eval3_indomain_clean_merged_128.jsonl",,projects/distillation/translation/training_data/translate_distill_pairs_en_es_2way.train.merged.jsonl,A_then_B,,,,,,,,,,false,none,none,,,,projects/distillation/translation/runs/translategemma4b_es_en_gemma3_1b_full_train17532_20260304_211531/run_contract.txt,,,,Merged Full 17532
translategemma4b_es_en_gemma3_1b_full_train17532_20260304_211511,projects/distillation/translation/runs/translategemma4b_es_en_gemma3_1b_full_train17532_20260304_211511,contract_only,run_contract,2026-03-05 02:15:11 UTC,2026-03-05 02:15:11 UTC,,,"external_wmt13_en_es_translation_benchmark_128,indomain_clean_merged_en_es_translation_benchmark_128","projects/distillation/translation/training_data/translate_distill_pairs.eval2_wmt13_enes_128.jsonl,projects/distillation/translation/training_data/translate_distill_pairs.eval3_indomain_clean_merged_128.jsonl",,projects/distillation/translation/training_data/translate_distill_pairs_en_es_2way.train.merged.jsonl,A_then_B,,,,,,,,,,false,none,none,,,,projects/distillation/translation/runs/translategemma4b_es_en_gemma3_1b_full_train17532_20260304_211511/run_contract.txt,,,,Merged Full 17532
translategemma4b_es_en_gemma3_1b_full_train17532_20260304_211333,projects/distillation/translation/runs/translategemma4b_es_en_gemma3_1b_full_train17532_20260304_211333,contract_only,run_contract,2026-03-05 02:13:33 UTC,2026-03-05 02:13:33 UTC,,,"external_wmt13_en_es_translation_benchmark_128,indomain_clean_merged_en_es_translation_benchmark_128","projects/distillation/translation/training_data/translate_distill_pairs.eval2_wmt13_enes_128.jsonl,projects/distillation/translation/training_data/translate_distill_pairs.eval3_indomain_clean_merged_128.jsonl",,projects/distillation/translation/training_data/translate_distill_pairs_en_es_2way.train.merged.jsonl,A_then_B,,,,,,,,,,false,none,none,,,,projects/distillation/translation/runs/translategemma4b_es_en_gemma3_1b_full_train17532_20260304_211333/run_contract.txt,,,,Merged Full 17532
translategemma4b_es_en_gemma3_1b_stagea_only_train17532_sft32k_20260304_171311,projects/distillation/translation/runs/translategemma4b_es_en_gemma3_1b_stagea_only_train17532_sft32k_20260304_171311,contract_only,run_contract,2026-03-04 22:16:40 UTC,2026-03-04 22:17:34 UTC,,,"external_wmt13_en_es_translation_benchmark_128,indomain_clean_merged_en_es_translation_benchmark_128","projects/distillation/translation/training_data/translate_distill_pairs.eval2_wmt13_enes_128.jsonl,projects/distillation/translation/training_data/translate_distill_pairs.eval3_indomain_clean_merged_128.jsonl",,projects/distillation/translation/training_data/translate_distill_pairs_en_es_2way.train.merged.jsonl,A_then_B,,,,,,,,,,false,none,none,,,,projects/distillation/translation/runs/translategemma4b_es_en_gemma3_1b_stagea_only_train17532_sft32k_20260304_171311/run_contract.txt,,,,Merged Full 17532
translategemma4b_es_en_gemma3_1b_full_train1280_20260303_114100,projects/distillation/translation/runs/translategemma4b_es_en_gemma3_1b_full_train1280_20260303_114100,completed,train_summary,2026-03-04 03:11:44 UTC,2026-03-07 22:56:31 UTC,"en,es","en,es",,,1280,projects/distillation/translation/training_data/translate_distill_pairs.jsonl,A_then_B,64000,32000,32000,0.5000,0.1000,1.0000,0.2000,google/translategemma-4b-it,projects/distillation/translation/runs/translategemma4b_es_en_gemma3_1b_full_20260303_114100/stage_b/checkpoint-000005,true,stage_b,projects/distillation/translation/runs/translategemma4b_es_en_gemma3_1b_full_20260303_114100/stage_b/checkpoint-000005,projects/distillation/translation/runs/translategemma4b_es_en_gemma3_1b_full_20260303_114100/stage_b/checkpoint-032000,stage_b,0.3275,projects/distillation/translation/runs/translategemma4b_es_en_gemma3_1b_full_train1280_20260303_114100/train_summary.json,projects/distillation/translation/runs/translategemma4b_es_en_gemma3_1b_full_train1280_20260303_114100/stage_a/checkpoint-032000,,projects/distillation/translation/runs/translategemma4b_es_en_gemma3_1b_full_20260303_114100/final,Gold Legacy 1280
